{
  "languages": [
    "de",
    "en",
    "fr",
    "nl",
    "cs",
    "it",
    "pl",
    "es",
    "fi",
    "ja",
    "lt",
    "no",
    "pt",
    "ru",
    "sv",
    "uk",
    "da",
    "hu"
  ],
  "data": {
    "AF": {
      "name": [
        "Afrika",
        "Africa",
        "Afrique",
        "Afrika",
        "Afrika",
        "Africa",
        "Afryka",
        "África",
        "Afrikka",
        "アフリカ",
        "Afrika",
        "Afrika",
        "África",
        "Африка",
        "Afrika",
        "Африка",
        "Afrika",
        "Afrika"
      ],
      "regions": {
        "MA": {
          "name": [
            "Marokko",
            "Morocco",
            "Maroc",
            "Marokko",
            "Maroko",
            "Marocco",
            "Maroko",
            "Marruecos",
            "Marokko",
            "モロッコ",
            "Marokas",
            "Marokko",
            "Marrocos",
            "Марокко",
            "Marocko",
            "Марокко",
            "Marokko",
            "Marokkó"
          ]
        },
        "NA": {
          "name": [
            "Namibia",
            "Namibia",
            "Namibie",
            "Namibië",
            "Namibie",
            "Namibia",
            "Namibia",
            "Namibia",
            "Namibia",
            "ナミビア",
            "Namibija",
            "Namibia",
            "Namíbia",
            "Намибия",
            "Namibia",
            "Намібія",
            "Namibia",
            "Namíbia"
          ]
        },
        "ZA": {
          "name": [
            "Südafrika",
            "South Africa",
            "Afrique du Sud",
            "Zuid-Afrika",
            "Jižní Afrika",
            "Sud Africa",
            "Afryka Południowa",
            "Sudáfrica",
            "Etelä-Afrikka",
            "南アフリカ",
            "pietų Afrika",
            "Sør-Afrika",
            "África do Sul",
            "Южная Африка",
            "Sydafrika",
            "Південна Африка",
            "Sydafrika",
            "Dél-afrikai Köztársaság"
          ]
        }
      }
    },
    "AS": {
      "name": [
        "Asien",
        "Asia",
        "Asie",
        "Azië",
        "Asie",
        "Asia",
        "Azja",
        "Asia",
        "Aasia",
        "アジア",
        "Azija",
        "Asia",
        "Ásia",
        "Азия",
        "Asien",
        "Азії",
        "Asien",
        "Ázsia"
      ],
      "regions": {
        "CN": {
          "name": [
            "China",
            "China",
            "Chine",
            "China",
            "Čína",
            "Cina",
            "Chiny",
            "China",
            "Kiina",
            "中国",
            "Kinija",
            "Kina",
            "China",
            "Китай",
            "Kina",
            "Китай",
            "Kina",
            "Kína"
          ]
        },
        "IL": {
          "name": [
            "Israel",
            "Israel",
            "Israël",
            "Israël",
            "Izrael",
            "Israele",
            "Izrael",
            "Israel",
            "Israel",
            "イスラエル",
            "Izraelis",
            "Israel",
            "Israel",
            "Израиль",
            "Israel",
            "Ізраїль",
            "Israel",
            "Izrael"
          ]
        },
        "JP": {
          "name": [
            "Japan",
            "Japan",
            "Japon",
            "Japan",
            "Japonsko",
            "Giappone",
            "Japonia",
            "Japón",
            "Japani",
            "日本",
            "Japonija",
            "Japan",
            "Japão",
            "Япония",
            "Japan",
            "Японія",
            "Japan",
            "Japán"
          ]
        },
        "PH": {
          "name": [
            "Philippinen",
            "Philippines",
            "Philippines",
            "Filippijnen",
            "Filipíny",
            "Filippine",
            "Filipiny",
            "Filipinas",
            "Filippiinit",
            "フィリピン",
            "Filipinai",
            "Filippinene",
            "Filipinas",
            "Филиппины",
            "Filippinerna",
            "Філіппіни",
            "Filippinerne",
            "Fülöp-szigetek"
          ]
        },
        "TR": {
          "name": [
            "Türkei",
            "Turkey",
            "Turquie",
            "Kalkoen",
            "Turecko",
            "Tacchino",
            "Turcja",
            "Turquía",
            "Turkki",
            "七面鳥",
            "Turkija",
            "Tyrkia",
            "Turquia",
            "Турция",
            "Turkiet",
            "Туреччина",
            "Tyrkiet",
            "Törökország"
          ]
        }
      }
    },
    "EU": {
      "name": [
        "Europa",
        "Europe",
        "Europe",
        "Europa",
        "Evropa",
        "Europa",
        "Europa",
        "Europa",
        "Euroopassa",
        "ヨーロッパ",
        "Europa",
        "Europa",
        "Europa",
        "Европа",
        "Europa",
        "Європа",
        "Europa",
        "Európa"
      ],
      "regions": {
        "AT": {
          "name": [
            "Österreich",
            "Austria",
            "Autriche",
            "Oostenrijk",
            "Rakousko",
            "Austria",
            "Austria",
            "Austria",
            "Itävalta",
            "オーストリア",
            "Austrija",
            "Østerrike",
            "Áustria",
            "Австрия",
            "Österrike",
            "Австрія",
            "Østrig",
            "Ausztria"
          ],
          "regions": {
            "AT-1": {
              "name": [
                "Burgenland",
                "Burgenland",
                "Burgenland",
                "Burgenland",
                "Burgenland",
                "Burgenland",
                "Burgenland",
                "Burgenlandia",
                "Burgenland",
                "ブルゲンラント",
                "Burgenlandas",
                "Burgenland",
                "Burgenland",
                "Бургенланд",
                "Burgenland",
                "Бургенланд",
                "Burgenland",
                "Burgenland"
              ]
            },
            "AT-2": {
              "name": [
                "Kärnten",
                "Carinthia",
                "Carinthie",
                "Karinthië",
                "Korutany",
                "Carinzia",
                "Karyntia",
                "Carintia",
                "Kärnten",
                "カリンシア",
                "Karintija",
                "Kärnten",
                "Caríntia",
                "Каринтия",
                "Carinthia",
                "Каринтія",
                "Kärnten",
                "Karintia"
              ]
            },
            "AT-3": {
              "name": [
                "Niederösterreich",
                "Lower Austria",
                "Basse-Autriche",
                "Neder-Oostenrijk",
                "Dolní Rakousko",
                "Bassa Austria",
                "Dolna Austria",
                "Baja Austria",
                "Ala-Itävalta",
                "ニーダーエスターライヒ州",
                "Žemutinė Austrija",
                "Nedre Østerrike",
                "Baixa Áustria",
                "Нижняя Австрия",
                "Lower Austria",
                "Нижня Австрія",
                "Niederösterreich",
                "Alsó-Ausztria"
              ]
            },
            "AT-4": {
              "name": [
                "Oberösterreich",
                "Upper Austria",
                "Haute-Autriche",
                "Opper-Oostenrijk",
                "Horní Rakousko",
                "Alta Austria",
                "Górna Austria",
                "Alta Austria",
                "Ylä-Itävalta",
                "オーバーエスターライヒ",
                "Aukštutinė Austrija",
                "Øvre Østerrike",
                "Alta Áustria",
                "Верхняя Австрия",
                "Upper Austria",
                "Верхня Австрія",
                "Oberösterreich",
                "Felső-Ausztria"
              ]
            },
            "AT-5": {
              "name": [
                "Salzburg",
                "Salzburg",
                "Salzbourg",
                "Salzburg",
                "Salzburg",
                "Salisburgo",
                "Salzburg",
                "Salsburgo",
                "Salzburg",
                "ザルツブルク",
                "Zalcburgas",
                "Salzburg",
                "Salzburgo",
                "Зальцбург",
                "Salzburg",
                "Зальцбург",
                "Salzburg",
                "Salzburg"
              ]
            },
            "AT-6": {
              "name": [
                "Steiermark",
                "Styria",
                "Styrie",
                "Stiermarken",
                "Štýrsko",
                "Stiria",
                "Styria",
                "Estiria",
                "Steiermark",
                "スティリア",
                "Štirija",
                "Steiermark",
                "Estíria",
                "Штирия",
                "Styria",
                "Штирії",
                "Steiermark",
                "Stájerország"
              ]
            },
            "AT-7": {
              "name": [
                "Tirol",
                "Tirol",
                "Tyrol",
                "Tirol",
                "Tyrolsko",
                "Tirol",
                "Tirol",
                "Tirol",
                "Tirol",
                "チロル",
                "Tirolis",
                "Tirol",
                "Tirol",
                "Тироль",
                "Tirol",
                "Тіроль",
                "Tirol",
                "Tirol"
              ]
            },
            "AT-8": {
              "name": [
                "Vorarlberg",
                "Vorarlberg",
                "Vorarlberg",
                "Vorarlberg",
                "Vorarlberg",
                "Vorarlberg",
                "Vorarlberg",
                "Vorarlberg",
                "Vorarlberg",
                "フォアアールベルク",
                "Forarlbergas",
                "Vorarlberg",
                "Vorarlberg",
                "Форарльберг",
                "Vorarlberg",
                "Форарльберг",
                "Vorarlberg",
                "Vorarlberg"
              ]
            },
            "AT-9": {
              "name": [
                "Wien",
                "Vienna",
                "Vienne",
                "Wenen",
                "Vídeň",
                "Vienna",
                "Wiedeń",
                "Viena",
                "Wien",
                "ウィーン",
                "Viena",
                "Wien",
                "Viena",
                "Вена",
                "Vienna",
                "Відень",
                "Wien",
                "Bécs"
              ]
            }
          }
        },
        "BA": {
          "name": [
            "Bosnien-Herzegowina",
            "Bosnia and Herzegovina",
            "Bosnie Herzégovine",
            "Bosnië-Herzegovina",
            "Bosna a Hercegovina",
            "Bosnia Erzegovina",
            "Bośnia i Hercegowina",
            "Bosnia y Herzegovina",
            "Bosnia ja Hertsegovina",
            "ボスニア・ヘルツェゴビナ",
            "Bosnija ir Hercegovina",
            "Bosnia og Herzegovina",
            "Bósnia e Herzegovina",
            "Босния и Герцеговина",
            "Bosnien och Hercegovina",
            "Боснія і Герцеговина",
            "Bosnien-Hercegovina",
            "Bosznia-Hercegovina"
          ]
        },
        "BE": {
          "name": [
            "Belgien",
            "Belgium",
            "Belgique",
            "Belgie",
            "Belgie",
            "Belgio",
            "Belgia",
            "Bélgica",
            "Belgia",
            "ベルギー",
            "Belgija",
            "Belgia",
            "Bélgica",
            "Бельгия",
            "Belgien",
            "Бельгія",
            "Belgien",
            "Belgium"
          ],
          "regions": {
            "BE-VLG": {
              "name": [
                "Flandern",
                "Flanders",
                "Flandre",
                "Vlaanderen",
                "Flandry",
                "Fiandre",
                "Flandria",
                "Flandes",
                "Flanderi",
                "フランダース",
                "Flandrija",
                "Flandern",
                "Flandres",
                "Фландрия",
                "Flandern",
                "Фландрії",
                "Flandern",
                "Flandria"
              ]
            },
            "BE-WAL": {
              "name": [
                "Wallonien",
                "Wallonia",
                "Wallonie",
                "Wallonië",
                "Valonsko",
                "Vallonia",
                "Walonia",
                "Valonia",
                "Vallonia",
                "ワロン地域",
                "Valonija",
                "Vallonia",
                "Valônia",
                "Валлония",
                "Vallonien",
                "Валлонія",
                "Vallonien",
                "Vallónia"
              ]
            }
          }
        },
        "BG": {
          "name": [
            "Bulgarien",
            "Bulgaria",
            "Bulgarie",
            "Bulgarije",
            "Bulharsko",
            "Bulgaria",
            "Bułgaria",
            "Bulgaria",
            "Bulgaria",
            "ブルガリア",
            "Bulgarija",
            "Bulgaria",
            "Bulgária",
            "Болгария",
            "Bulgarien",
            "Болгарія",
            "Bulgarien",
            "Bulgária"
          ]
        },
        "CH": {
          "name": [
            "Schweiz",
            "Switzerland",
            "Suisse",
            "Zwitserland",
            "Švýcarsko",
            "Svizzera",
            "Szwajcaria",
            "Suiza",
            "Sveitsi",
            "スイス",
            "Šveicarija",
            "Sveits",
            "Suíça",
            "Швейцария",
            "Schweiz",
            "Швейцарія",
            "Schweiz",
            "Svájc"
          ]
        },
        "CZ": {
          "name": [
            "Tschechien",
            "Czech Republic",
            "République Tchèque",
            "Tsjechië",
            "Česká republika",
            "Repubblica Ceca",
            "Republika Czeska",
            "Republica checa",
            "Tšekin tasavalta",
            "チェコ共和国",
            "Čekijos Respublika",
            "Tsjekkisk Republikk",
            "República Checa",
            "Чешская Республика",
            "Tjeckien",
            "Чеська Республіка",
            "Tjekkiet",
            "Csehország"
          ]
        },
        "DK": {
          "name": [
            "Dänemark",
            "Denmark",
            "Danemark",
            "Denemarken",
            "Dánsko",
            "Danimarca",
            "Dania",
            "Dinamarca",
            "Tanska",
            "デンマーク",
            "Danija",
            "Danmark",
            "Dinamarca",
            "Дания",
            "Danmark",
            "Данія",
            "Danmark",
            "Dánia"
          ]
        },
        "DE": {
          "name": [
            "Deutschland",
            "Germany",
            "Allemagne",
            "Duitsland",
            "Německo",
            "Germania",
            "Niemcy",
            "Alemania",
            "Saksa",
            "ドイツ",
            "Vokietija",
            "Tyskland",
            "Alemanha",
            "Германия",
            "Tyskland",
            "Німеччина",
            "Tyskland",
            "Németország"
          ],
          "regions": {
            "DE-BW": {
              "name": [
                "Baden-Württemberg",
                "Baden-Württemberg",
                "Bade-Wurtemberg",
                "Baden-Württemberg",
                "Bádensko-Württembersko",
                "Baden-Württemberg",
                "Badenia-Wirtembergia",
                "Baden-Wurtemberg",
                "Baden-Württemberg",
                "バーデン・ヴュルテンベルク",
                "Badenas-Viurtembergas",
                "Baden-Württemberg",
                "Baden-Württemberg",
                "Баден-Вюртемберг",
                "Baden-Württemberg",
                "Баден-Вюртемберг",
                "Baden-Württemberg",
                "Baden-Württemberg"
              ]
            },
            "DE-BY": {
              "name": [
                "Bayern",
                "Bavaria",
                "Bavière",
                "Beieren",
                "Bavorsko",
                "Baviera",
                "Bawaria",
                "baviera",
                "Baijeri",
                "バイエルン",
                "Bavarija",
                "Bayern",
                "Baviera",
                "Бавария",
                "Bayern",
                "Баварія",
                "Bayern",
                "Bajorország"
              ]
            },
            "DE-BE": {
              "name": [
                "Berlin",
                "Berlin",
                "Berlin",
                "Berlijn",
                "Berlín",
                "Berlino",
                "Berlin",
                "Berlina",
                "Berliini",
                "ベルリン",
                "Berlynas",
                "Berlin",
                "Berlim",
                "Берлин",
                "Berlin",
                "Берлін",
                "Berlin",
                "Berlin"
              ]
            },
            "DE-BB": {
              "name": [
                "Brandenburg",
                "Brandenburg",
                "Brandebourg",
                "Brandenburg",
                "Brandenburg",
                "Brandeburgo",
                "Brandenburgia",
                "Brandeburgo",
                "Brandenburg",
                "ブランデンブルク",
                "Brandenburgas",
                "Brandenburg",
                "Brandemburgo",
                "Бранденбург",
                "Brandenburg",
                "Бранденбург",
                "Brandenburg",
                "Brandenburg"
              ]
            },
            "DE-HB": {
              "name": [
                "Bremen",
                "Bremen",
                "Brême",
                "Bremen",
                "Brémy",
                "Brema",
                "Brema",
                "Bremen",
                "Bremen",
                "ブレーメン",
                "Brėmenas",
                "Bremen",
                "Bremen",
                "Бремен",
                "Bremen",
                "Бремен",
                "Bremen",
                "Bréma"
              ]
            },
            "DE-HH": {
              "name": [
                "Hamburg",
                "Hamburg",
                "Hambourg",
                "Hamburg",
                "Hamburg",
                "Amburgo",
                "Hamburg",
                "Hamburgo",
                "Hampuri",
                "ハンブルク",
                "Hamburgas",
                "Hamburg",
                "Hamburgo",
                "Гамбург",
                "Hamburg",
                "Гамбург",
                "Hamborg",
                "Hamburg"
              ]
            },
            "DE-HE": {
              "name": [
                "Hessen",
                "Hesse",
                "Hesse",
                "Hessen",
                "Hesse",
                "Assia",
                "Hesja",
                "Hesse",
                "Hesse",
                "ヘッセン",
                "Hesenas",
                "Hessen",
                "Hesse",
                "Гессе",
                "Hesse",
                "Гессен",
                "Hessen",
                "Hessen"
              ]
            },
            "DE-MV": {
              "name": [
                "Mecklenburg-Vorpommern",
                "Mecklenburg Western Pomerania",
                "Mecklembourg Poméranie occidentale",
                "Mecklenburg Voor-Pommeren",
                "Meklenbursko-Přední Pomořansko",
                "Meclemburgo-Pomerania occidentale",
                "Meklemburgia Pomorze Przednie",
                "Mecklemburgo-Pomerania Occidental",
                "Mecklenburg Länsi-Pommeri",
                "メクレンブルクフォアポンメルン州",
                "Meklenburgas Vakarų Pomeranijoje",
                "Mecklenburg Vest-Pommern",
                "Mecklemburgo Pomerânia Ocidental",
                "Мекленбург Передняя Померания",
                "Mecklenburg Vorpommern",
                "Мекленбург Західна Померанія",
                "Mecklenburg-Vorpommern",
                "Mecklenburg-Elő-Pomeránia"
              ]
            },
            "DE-NI": {
              "name": [
                "Niedersachsen",
                "Lower Saxony",
                "Basse-Saxe",
                "Nedersaksen",
                "Dolní Sasko",
                "Bassa Sassonia",
                "Dolna Saksonia",
                "Baja sajonia",
                "Ala-Saksi",
                "ニーダーザクセン",
                "Žemutinė Saksonija",
                "Niedersachsen",
                "Baixa Saxônia",
                "Нижняя Саксония",
                "Niedersachsen",
                "Нижня Саксонія",
                "Niedersachsen",
                "Alsó-Szászország"
              ]
            },
            "DE-NW": {
              "name": [
                "Nordrhein-Westfalen",
                "North Rhine-Westphalia",
                "Rhénanie du Nord-Westphalie",
                "Noordrijn-Westfalen",
                "Severní Porýní-Vestfálsko",
                "Renania settentrionale-Vestfalia",
                "Nadrenia Północna-Westfalia",
                "Norte de Rhine-Westphalia",
                "Nordrhein-Westfalen",
                "ノルトラインヴェストファーレン州",
                "Šiaurės Reinas-Vestfalija",
                "Nordrhein-Westfalen",
                "Renânia do Norte-Vestfália",
                "Северный Рейн-Вестфалия",
                "Nordrhein-Westfalen",
                "Північний Рейн-Вестфалія",
                "Nordrhein-Westfalen",
                "Észak-Rajna-Vesztfália"
              ]
            },
            "DE-RP": {
              "name": [
                "Rheinland-Pfalz",
                "Rhineland-Palatinate",
                "Rhénanie-Palatinat",
                "Rijnland-Palts",
                "Porýní-Falc",
                "Renania-Palatinato",
                "Nadrenia-Palatynat",
                "Renania-Palatinado",
                "Rheinland-Pfalz",
                "ラインラントプファルツ州",
                "Reino kraštas-Pfalcas",
                "Rheinland-Pfalz",
                "Renânia-Palatinado",
                "Рейнланд-Пфальц",
                "Rheinland-Pfalz",
                "Рейнланд-Пфальц",
                "Rheinland-Pfalz",
                "Rajna-vidék-Pfalz"
              ]
            },
            "DE-SL": {
              "name": [
                "Saarland",
                "Saarland",
                "Sarre",
                "Saarland",
                "Sársko",
                "Saarland",
                "Saarland",
                "Sarre",
                "Saarland",
                "ザールラント",
                "Saro kraštas",
                "Saarland",
                "Sarre",
                "Саар",
                "Saarland",
                "Саар",
                "Saarland",
                "Saar-vidék"
              ]
            },
            "DE-SN": {
              "name": [
                "Sachsen",
                "Saxony",
                "Saxe",
                "Saksen",
                "Sasko",
                "Sassonia",
                "Saksonia",
                "Sajonia",
                "Saksi",
                "ザクセン",
                "Saksonija",
                "Sachsen",
                "Saxônia",
                "Саксония",
                "Sachsen",
                "Саксонія",
                "Sachsen",
                "Szászország"
              ]
            },
            "DE-ST": {
              "name": [
                "Sachsen-Anhalt",
                "Saxony-Anhalt",
                "Saxe-Anhalt",
                "Saksen-Anhalt",
                "Sasko-Anhaltsko",
                "Sassonia-Anhalt",
                "Saksonia-Anhalt",
                "Sajonia-Anhalt",
                "Saksi-Anhalt",
                "ザクセンアンハルト",
                "Saksonija-Anhaltas",
                "Sachsen-Anhalt",
                "Saxônia-Anhalt",
                "Саксония-Анхальт",
                "Sachsen-Anhalt",
                "Саксонія-Ангальт",
                "Sachsen-Anhalt",
                "Szász-Anhalt"
              ]
            },
            "DE-SH": {
              "name": [
                "Schleswig-Holstein",
                "Schleswig-Holstein",
                "Schleswig-Holstein",
                "Sleeswijk-Holstein",
                "Schleswig-Holstein",
                "Schleswig-Holstein",
                "Szlezwik-Holsztyn",
                "Schleswig-Holstein",
                "Schleswig-Holstein",
                "シュレスヴィヒホルシュタイン",
                "Šlėzvigas-Holšteinas",
                "Schleswig-Holstein",
                "Schleswig-Holstein",
                "Шлезвиг-Гольштейн",
                "Schleswig-Holstein",
                "Шлезвіг-Гольштейн",
                "Slesvig-Holsten",
                "Schleswig-Holstein"
              ]
            },
            "DE-TH": {
              "name": [
                "Thüringen",
                "Thuringa",
                "Thuringe",
                "Thüringen",
                "Durynsko",
                "Turingia",
                "Turyngia",
                "Turinga",
                "Thüringen",
                "テューリンゲン",
                "Tiuringija",
                "Thuringa",
                "Turinga",
                "Тюрингия",
                "Thüringa",
                "Тюрінга",
                "Thüringen",
                "Türingia"
              ]
            }
          }
        },
        "ES": {
          "name": [
            "Spanien",
            "Spain",
            "Espagne",
            "Spanje",
            "Španělsko",
            "Spagna",
            "Hiszpania",
            "España",
            "Espanja",
            "スペイン",
            "Ispanija",
            "Spania",
            "Espanha",
            "Испания",
            "Spanien",
            "Іспанія",
            "Spanien",
            "Spanyolország"
          ]
        },
        "FI": {
          "name": [
            "Finnland",
            "Finland",
            "Finlande",
            "Finland",
            "Finsko",
            "Finlandia",
            "Finlandia",
            "Finlandia",
            "Suomi",
            "フィンランド",
            "Suomija",
            "Finland",
            "Finlândia",
            "Финляндия",
            "Finland",
            "Фінляндія",
            "Finland",
            "Finnország"
          ]
        },
        "FR": {
          "name": [
            "Frankreich",
            "France",
            "France",
            "Frankrijk",
            "Francie",
            "Francia",
            "Francja",
            "Francia",
            "Ranska",
            "フランス",
            "Prancūzija",
            "Frankrike",
            "França",
            "Франция",
            "Frankrike",
            "Франція",
            "Frankrig",
            "Franciaország"
          ],
          "regions": {
            "FR-ARA": {
              "name": [
                "Auvergne-Rhône-Alpes",
                "Auvergne-Rhône-Alpes",
                "Auvergne-Rhône-Alpes",
                "Auvergne-Rhône-Alpes",
                "Auvergne-Rhône-Alpes",
                "Auvergne-Rhône-Alpes",
                "Auvergne-Rhône-Alpes",
                "Auvernia-Ródano-Alpes",
                "Auvergne-Rhône-Alpes",
                "オーヴェルニュ＝ローヌ＝アルペ",
                "Overnė-Rona-Alpės",
                "Auvergne-Rhône-Alpes",
                "Auvergne-Rhône-Alpes",
                "Овернь-Рона-Альпы",
                "Auvergne-Rhône-Alpes",
                "Овернь-Рона-Альпи",
                "Auvergne-Rhône-Alpes",
                "Auvergne-Rhône-Alpes"
              ]
            },
            "FR-BFC": {
              "name": [
                "Bourgogne-Franche-Comté",
                "Bourgogne-Franche-Comté",
                "Bourgogne-Franche-Comté",
                "Bourgogne-Franche-Comté",
                "Bourgogne-Franche-Comté",
                "Bourgogne-Franche-Comté",
                "Bourgogne-Franche-Comté",
                "Borgoña-Franco Condado",
                "Bourgogne-Franche-Comté",
                "ブルゴーニュフランシュコンテ",
                "Bourgogne-Franche-Comté",
                "Bourgogne-Franche-Comté",
                "Bourgogne-Franche-Comté",
                "Бургундия-Франш-Конте",
                "Bourgogne-Franche-Comté",
                "Бурґунь-Франш-Конте",
                "Bourgogne-Franche-Comté",
                "Bourgogne-Franche-Comté"
              ]
            },
            "FR-BRE": {
              "name": [
                "Bretagne",
                "Brittany",
                "Bretagne",
                "Bretagne",
                "Bretaň",
                "Bretagna",
                "Bretania",
                "Bretaña",
                "Bretagne",
                "ブルターニュ",
                "Bretanė",
                "Bretagne",
                "Bretanha",
                "Бретань",
                "Bretagne",
                "Бретань",
                "Bretagne",
                "Bretagne"
              ]
            },
            "FR-CVL": {
              "name": [
                "Centre-Val de Loire",
                "Centre-Val de Loire",
                "Centre-Val de Loire",
                "Centre-Val de Loire",
                "Centre-Val de Loire",
                "Centre-Val de Loire",
                "Centre-Val de Loire",
                "Centro-Valle del Loira",
                "Keskusta - Val de Loire",
                "サントルヴァルデロワール",
                "Luaros centras",
                "Centre-Val de Loire",
                "Centro-Val de Loire",
                "Центр-Валь-де-Луар",
                "Centre-Val de Loire",
                "Центр-Валь-де-Луара",
                "Centre-Val de Loire",
                "Centre-Val de Loire"
              ]
            },
            "FR-20R": {
              "name": [
                "Korsika",
                "Corsica",
                "Corse",
                "Corsica",
                "Korsika",
                "Corsica",
                "Korsyka",
                "Córcega",
                "Korsika",
                "コルシカ",
                "Korsika",
                "Korsika",
                "Córsega",
                "Корсика",
                "Korsika",
                "Корсика",
                "Korsika",
                "Korzika"
              ]
            },
            "FR-GES": {
              "name": [
                "Grand-Est",
                "Grand-Est",
                "Grand-Est",
                "Grand-Est",
                "Grand-Est",
                "Grand-Est",
                "Grand-Est",
                "Gran Este",
                "Grand-Est",
                "グラン・テスト地域圏",
                "Grand-Est",
                "Grand-Est",
                "Grand-Est",
                "Гранд-Эст",
                "Grand-Est",
                "Grand-Est",
                "Grand Est",
                "Grand Est"
              ]
            },
            "FR-HDF": {
              "name": [
                "Hauts-de-France",
                "Hauts-de-France",
                "Hauts-de-France",
                "Hauts-de-France",
                "Hauts-de-France",
                "Hauts-de-France",
                "Hauts-de-France",
                "Altos de Francia",
                "Hauts-de-France",
                "オー＝ド＝フランス",
                "Hauts-de-France",
                "Hauts-de-France",
                "Hauts-de-France",
                "О-де-Франс",
                "Hauts-de-France",
                "О-де-Франс",
                "Hauts-de-France",
                "Hauts-de-France"
              ]
            },
            "FR-IDF": {
              "name": [
                "Île-de-France",
                "Île-de-France",
                "Île-de-France",
                "Île-de-France",
                "Île-de-France",
                "Île-de-France",
                "Île-de-France",
                "Isla de Francia",
                "Île-de-France",
                "イル・ド・フランス",
                "Île-de-France",
                "Île-de-France",
                "Ile de france",
                "Иль-де-Франс",
                "Île-de-France",
                "Іль-де-Франс",
                "Île-de-France",
                "Île-de-France"
              ]
            },
            "FR-NOR": {
              "name": [
                "Normandie",
                "Normandy",
                "Normandie",
                "Normandië",
                "Normandie",
                "Normandia",
                "Normandia",
                "Normandía",
                "Normandia",
                "ノルマンディー",
                "Normandija",
                "Normandie",
                "Normandia",
                "Нормандия",
                "Normandie",
                "Нормандії",
                "Normandiet",
                "Normandia"
              ]
            },
            "FR-NAQ": {
              "name": [
                "Neu-Aquitanien",
                "New Aquitaine",
                "Nouvelle-Aquitaine",
                "Nieuw Aquitanië",
                "Nová Akvitánie",
                "Nuova Aquitania",
                "Nowa Akwitania",
                "Nueva Aquitania",
                "Uusi Aquitaine",
                "新しいアキテーヌ",
                "Naujoji Akvitanija",
                "Nye Aquitaine",
                "Nova Aquitânia",
                "Новая Аквитания",
                "Nya Aquitaine",
                "Нова Аквітанія",
                "Nouvelle-Aquitaine",
                "Nouvelle-Aquitaine"
              ]
            },
            "FR-OCC": {
              "name": [
                "Okzitanien",
                "Occitania",
                "Occitanie",
                "Occitanië",
                "Okcitánie",
                "Occitania",
                "Oksytania",
                "Occitania",
                "Occitania",
                "オクシタニア",
                "Oksitanija",
                "Oksitania",
                "Occitânia",
                "Окситания",
                "Occitanien",
                "Окситанія",
                "Occitanien",
                "Okcitánia"
              ]
            },
            "FR-PDL": {
              "name": [
                "Pays-de-la-Loire",
                "Pays-de-la-Loire",
                "Pays-de-la-Loire",
                "Pays-de-la-Loire",
                "Pays-de-la-Loire",
                "Pays-de-la-Loire",
                "Pays-de-la-Loire",
                "Países del Loira",
                "Pays-de-la-Loire",
                "ペイ・ド・ラ・ロワール",
                "Pays-de-la-Loire",
                "Pays-de-la-Loire",
                "Pays-de-la-Loire",
                "Пэи-де-ла-Луар",
                "Pays-de-la-Loire",
                "Пей-де-ла-Луар",
                "Pays de la Loire",
                "Pays de la Loire"
              ]
            },
            "FR-PAC": {
              "name": [
                "Provence-Alpes-Côte-d’Azur",
                "Provence-Alpes-Côte-d’Azur",
                "Provence-Alpes-Côte-d’Azur",
                "Provence-Alpes-Côte-d’Azur",
                "Provence-Alpes-Côte-d’Azur",
                "Provence-Alpes-Côte-d’Azur",
                "Provence-Alpes-Côte-d’Azur",
                "Provenza-Alpes-Costa Azul",
                "Provence-Alpes-Côte-d'Azur",
                "プロヴァンス-アルプ-コート-ダジュール",
                "Provansas-Alpės-Žydrasis Krantas",
                "Provence-Alpes-Côte-d'Azur",
                "Provence-Alpes-Côte-d'Azur",
                "Прованс-Альпы-Лазурный Берег",
                "Provence-Alpes-Côte-d'Azur",
                "Прованс-Альпи-Лазурний берег",
                "Provence-Alpes-Côte d'Azur",
                "Provence-Alpes-Côte d'Azur"
              ]
            }
          }
        },
        "GB": {
          "name": [
            "Vereinigtes Königreich",
            "United Kingdom",
            "Royaume-Uni",
            "Verenigd Koninkrijk",
            "Spojené království",
            "Regno Unito",
            "Zjednoczone Królestwo",
            "Reino Unido",
            "Yhdistynyt kuningaskunta",
            "イギリス",
            "Jungtinė Karalystė",
            "Storbritannia",
            "Reino Unido",
            "объединенное Королевство",
            "Storbritannien",
            "Великобританія",
            "Det Forenede Kongerige",
            "Egyesült Királyság"
          ]
        },
        "GR": {
          "name": [
            "Griechenland",
            "Greece",
            "Grèce",
            "Griekenland",
            "Řecko",
            "Grecia",
            "Grecja",
            "Grecia",
            "Kreikka",
            "ギリシャ",
            "Graikija",
            "Hellas",
            "Grécia",
            "Греция",
            "Grekland",
            "Греція",
            "Grækenland",
            "Görögország"
          ]
        },
        "HR": {
          "name": [
            "Kroatien",
            "Croatia",
            "Croatie",
            "Kroatië",
            "Chorvatsko",
            "Croazia",
            "Chorwacja",
            "Croacia",
            "Kroatia",
            "クロアチア",
            "Kroatija",
            "Kroatia",
            "Croácia",
            "Хорватия",
            "Kroatien",
            "Хорватія",
            "Kroatien",
            "Horvátország"
          ]
        },
        "HU": {
          "name": [
            "Ungarn",
            "Hungary",
            "Hongrie",
            "Hongarije",
            "Maďarsko",
            "Ungheria",
            "Węgry",
            "Hungría",
            "Unkari",
            "ハンガリー",
            "Vengrija",
            "Ungarn",
            "Hungria",
            "Венгрия",
            "Ungern",
            "Угорщина",
            "Ungarn",
            "Magyarország"
          ]
        },
        "IE": {
          "name": [
            "Irland",
            "Ireland",
            "Irlande",
            "Ierland",
            "Irsko",
            "Irlanda",
            "Irlandia",
            "Irlanda",
            "Irlanti",
            "アイルランド",
            "Airija",
            "Irland",
            "Irlanda",
            "Ирландия",
            "Irland",
            "Ірландія",
            "Irland",
            "Írország"
          ]
        },
        "IS": {
          "name": [
            "Island",
            "Iceland",
            "Islande",
            "IJsland",
            "Island",
            "Islanda",
            "Islandia",
            "Islandia",
            "Islanti",
            "アイスランド",
            "Islandija",
            "Island",
            "Islândia",
            "Исландия",
            "Island",
            "Ісландія",
            "Island",
            "Izland"
          ]
        },
        "IT": {
          "name": [
            "Italien",
            "Italy",
            "Italie",
            "Italië",
            "Itálie",
            "Italia",
            "Włochy",
            "Italia",
            "Italia",
            "イタリア",
            "Italija",
            "Italia",
            "Itália",
            "Италия",
            "Italien",
            "Італія",
            "Italien",
            "Olaszország"
          ]
        },
        "LT": {
          "name": [
            "Litauen",
            "Lithuania",
            "Lituanie",
            "Litouwen",
            "Litva",
            "Lituania",
            "Litwa",
            "Lituania",
            "Liettua",
            "リトアニア",
            "Lietuva",
            "Litauen",
            "Lituânia",
            "Литва",
            "Litauen",
            "Литва",
            "Litauen",
            "Litvánia"
          ]
        },
        "LU": {
          "name": [
            "Luxemburg",
            "Luxembourg",
            "Luxembourg",
            "Luxemburg",
            "Lucembursko",
            "Lussemburgo",
            "Luksemburg",
            "Luxemburgo",
            "Luxemburg",
            "ルクセンブルク",
            "Liuksemburgas",
            "Luxembourg",
            "Luxemburgo",
            "Люксембург",
            "Luxemburg",
            "Люксембург",
            "Luxembourg",
            "Luxemburg"
          ]
        },
        "ME": {
          "name": [
            "Montenegro",
            "Montenegro",
            "Monténégro",
            "Montenegro",
            "Černá Hora",
            "Montenegro",
            "Czarnogóra",
            "Montenegro",
            "Montenegro",
            "モンテネグロ",
            "Juodkalnija",
            "Montenegro",
            "Montenegro",
            "Черногория",
            "Montenegro",
            "Чорногорія",
            "Montenegro",
            "Montenegró"
          ]
        },
        "MK": {
          "name": [
            "Nordmazedonien",
            "North Macedonia",
            "Macédoine du Nord",
            "Noord-Macedonië",
            "Severní Makedonie",
            "Macedonia del Nord",
            "Macedonia Północna",
            "Macedonia del Norte",
            "Pohjois-Makedonia",
            "北マケドニア",
            "Šiaurės Makedonija",
            "Nord-Makedonia",
            "Macedônia do Norte",
            "Северная Македония",
            "Nordmakedonien",
            "Північна Македонія",
            "Nordmakedonien",
            "Észak-Macedónia"
          ]
        },
        "NL": {
          "name": [
            "Niederlande",
            "Netherlands",
            "Pays-Bas",
            "Nederland",
            "Holandsko",
            "Olanda",
            "Holandia",
            "Países Bajos",
            "Alankomaat",
            "オランダ",
            "Nyderlandai",
            "Nederland",
            "Países Baixos",
            "Нидерланды",
            "Nederländerna",
            "Нідерланди",
            "Holland",
            "Hollandia"
          ]
        },
        "NO": {
          "name": [
            "Norwegen",
            "Norway",
            "Norvège",
            "Noorwegen",
            "Norsko",
            "Norvegia",
            "Norwegia",
            "Noruega",
            "Norja",
            "ノルウェー",
            "Norvegija",
            "Norge",
            "Noruega",
            "Норвегия",
            "Norge",
            "Норвегія",
            "Norge",
            "Norvégia"
          ]
        },
        "PL": {
          "name": [
            "Polen",
            "Poland",
            "Pologne",
            "Polen",
            "Polsko",
            "Polonia",
            "Polska",
            "Polonia",
            "Puola",
            "ポーランド",
            "Lenkija",
            "Polen",
            "Polônia",
            "Польша",
            "Polen",
            "Польща",
            "Polen",
            "Lengyelország"
          ]
        },
        "PT": {
          "name": [
            "Portugal",
            "Portugal",
            "Portugal",
            "Portugal",
            "Portugalsko",
            "Portogallo",
            "Portugalia",
            "Portugal",
            "Portugali",
            "ポルトガル",
            "Portugalija",
            "Portugal",
            "Portugal",
            "Португалия",
            "Portugal",
            "Португалія",
            "Portugal",
            "Portugália"
          ]
        },
        "RO": {
          "name": [
            "Rumänien",
            "Rumania",
            "Roumanie",
            "Roemenië",
            "Rumunsko",
            "Romania",
            "Rumunia",
            "Rumania",
            "Romania",
            "ルーマニア",
            "Rumunija",
            "Rumania",
            "Romênia",
            "Румыния",
            "rumänien",
            "Румунія",
            "Rumænien",
            "Románia"
          ]
        },
        "RS": {
          "name": [
            "Serbien",
            "Serbia",
            "Serbie",
            "Servië",
            "Srbsko",
            "Serbia",
            "Serbia",
            "Serbia",
            "Serbia",
            "セルビア",
            "Serbija",
            "Serbia",
            "Sérvia",
            "Сербия",
            "Serbien",
            "Сербія",
            "Serbien",
            "Szerbia"
          ]
        },
        "RU": {
          "name": [
            "Russland",
            "Russia",
            "Russie",
            "Rusland",
            "Rusko",
            "Russia",
            "Rosja",
            "Rusia",
            "Venäjä",
            "ロシア",
            "Rusija",
            "Russland",
            "Rússia",
            "Россия",
            "Ryssland",
            "Росія",
            "Rusland",
            "Oroszország"
          ]
        },
        "SE": {
          "name": [
            "Schweden",
            "Sweden",
            "Suède",
            "Zweden",
            "Švédsko",
            "Svezia",
            "Szwecja",
            "Suecia",
            "Ruotsi",
            "スウェーデン",
            "Švedija",
            "Sverige",
            "Suécia",
            "Швеция",
            "Sverige",
            "Швеція",
            "Sverige",
            "Svédország"
          ]
        },
        "SK": {
          "name": [
            "Slowakei",
            "Slovakia",
            "Slovaquie",
            "Slowakije",
            "Slovensko",
            "Slovacchia",
            "Słowacja",
            "Eslovaquia",
            "Slovakia",
            "スロバキア",
            "Slovakija",
            "Slovakia",
            "Eslováquia",
            "Словакия",
            "Slovakien",
            "Словаччина",
            "Slovakiet",
            "Szlovákia"
          ]
        },
        "SI": {
          "name": [
            "Slowenien",
            "Slovenia",
            "Slovénie",
            "Slovenië",
            "Slovinsko",
            "Slovenia",
            "Słowenia",
            "Eslovenia",
            "Slovenia",
            "スロベニア",
            "Slovėnija",
            "Slovenia",
            "Eslovênia",
            "Словения",
            "Slovenien",
            "Словенія",
            "Slovenien",
            "Szlovénia"
          ]
        },
        "UA": {
          "name": [
            "Ukraine",
            "Ukraine",
            "Ukraine",
            "Oekraïne",
            "Ukrajina",
            "Ucraina",
            "Ukraina",
            "Ucrania",
            "Ukraina",
            "ウクライナ",
            "Ukraina",
            "Ukraina",
            "Ucrânia",
            "Украина",
            "Ukraina",
            "Україна",
            "Ukraine",
            "Ukrajna"
          ]
        }
      }
    },
    "OC": {
      "name": [
        "Ozeanien",
        "Oceania",
        "Océanie",
        "Oceanië",
        "Oceánie",
        "Oceania",
        "Oceania",
        "Oceanía",
        "Oseania",
        "オセアニア",
        "Okeanija",
        "Oseania",
        "Oceânia",
        "Океания",
        "Oceanien",
        "Океанія",
        "Oceanien",
        "Óceánia"
      ],
      "regions": {
        "AU": {
          "name": [
            "Australien",
            "Australia",
            "Australie",
            "Australië",
            "Austrálie",
            "Australia",
            "Australia",
            "Australia",
            "Australia",
            "オーストラリア",
            "Australija",
            "Australia",
            "Austrália",
            "Австралия",
            "Australien",
            "Австралія",
            "Australien",
            "Ausztrália"
          ],
          "regions": {
            "AU-NSW": {
              "name": [
                "New South Wales",
                "New South Wales",
                "Nouvelle Galles du Sud",
                "Nieuw Zuid-Wales",
                "Nový Jížní Wales",
                "Nuovo Galles del Sud",
                "Nowa Południowa Walia",
                "Nueva Gales del Sur",
                "Uusi Etelä-Wales",
                "ニューサウスウェールズ州",
                "Naujasis Pietų Velsas",
                "New South Wales",
                "Nova Gales do Sul",
                "Новый Южный Уэльс",
                "New South Wales",
                "Новий Південний Уельс",
                "New South Wales",
                "Új-Dél-Wales"
              ]
            },
            "AU-NT": {
              "name": [
                "Northern Territory",
                "Northern Territory",
                "Territoire du Nord",
                "Noordelijk Territorium",
                "Severní území",
                "Territori del Nord",
                "Północne terytorium",
                "Territorio del Norte",
                "Pohjoinen alue",
                "ノーザン・テリトリー",
                "Šiaurinė teritorija",
                "Nordlig territorie",
                "Território do Norte",
                "Северная территория",
                "Northern Territory",
                "Північна територія",
                "Northern Territory",
                "Északi terület"
              ]
            },
            "AU-QLD": {
              "name": [
                "Queensland",
                "Queensland",
                "Queensland",
                "Queensland",
                "Queensland",
                "Queensland",
                "Queensland",
                "Queensland",
                "Queensland",
                "クイーンズランド",
                "Kvinslandas",
                "Queensland",
                "Queensland",
                "Квинсленд",
                "Queensland",
                "Квінсленд",
                "Queensland",
                "Queensland"
              ]
            },
            "AU-SA": {
              "name": [
                "Südaustralien",
                "South Australia",
                "Australie du Sud",
                "Zuid Australië",
                "jižní Austrálie",
                "sud dell'Australia",
                "Południowa Australia",
                "Sur de Australia",
                "Etelä-Australia",
                "南オーストラリア",
                "Pietų Australija",
                "Sør-Australia",
                "Sul da Austrália",
                "Южная Австралия",
                "South Australia",
                "Південна Австралія",
                "South Australia",
                "Dél-Ausztrália"
              ]
            },
            "AU-TAS": {
              "name": [
                "Tasmanien",
                "Tasmania",
                "Tasmanie",
                "Tasmanië",
                "Tasmánie",
                "Tasmania",
                "Tasmania",
                "Tasmania",
                "Tasmania",
                "タスマニア",
                "Tasmanija",
                "Tasmania",
                "Tasmânia",
                "Тасмания",
                "Tasmania",
                "Тасманія",
                "Tasmanien",
                "Tasmánia"
              ]
            },
            "AU-VIC": {
              "name": [
                "Victoria",
                "Victoria",
                "Victoria",
                "Victoria",
                "Victoria",
                "Victoria",
                "Wiktoria",
                "Victoria",
                "Victoria",
                "ビクトリア",
                "Viktorija",
                "Victoria",
                "Vitória",
                "Виктория",
                "Victoria",
                "Вікторія",
                "Victoria",
                "Victoria"
              ]
            },
            "AU-WA": {
              "name": [
                "Westaustralien",
                "Western Australia",
                "Australie occidentale",
                "West Australië",
                "západní Austrálie",
                "Australia Occidentale",
                "Zachodnia australia",
                "El oeste de Australia",
                "Länsi-Australia",
                "西オーストラリア",
                "Vakarų Australija",
                "Vest-Australia",
                "Austrália Ocidental",
                "Западная Австралия",
                "Western Australia",
                "Західна Австралія",
                "Western Australia",
                "Nyugat-Ausztrália"
              ]
            }
          }
        },
        "NZ": {
          "name": [
            "Neuseeland",
            "New Zealand",
            "Nouvelle-Zélande",
            "Nieuw-Zeeland",
            "Nový Zéland",
            "Nuova Zelanda",
            "Nowa Zelandia",
            "Nueva Zelanda",
            "Uusi Seelanti",
            "ニュージーランド",
            "Naujoji Zelandija",
            "New Zealand",
            "Nova Zelândia",
            "Новая Зеландия",
            "Nya Zeeland",
            "Нова Зеландія",
            "New Zealand",
            "Új-Zéland"
          ],
          "regions": {
            "NZ-N": {
              "name": [
                "Nordinsel",
                "North Island",
                "île du Nord",
                "Noordelijk eiland",
                "Severní ostrov",
                "Isola del nord",
                "Północna Wyspa",
                "Isla del Norte",
                "Pohjois saari",
                "北島",
                "Šiaurės sala",
                "Nordøya",
                "Ilha do Norte",
                "Северный остров",
                "norra ön",
                "Північний острів",
                "Nordøen",
                "Északi-sziget"
              ]
            },
            "NZ-S": {
              "name": [
                "Südinsel",
                "South Island",
                "île du sud",
                "Zuidelijk eiland",
                "Jižní ostrov",
                "Isola del Sud",
                "Południowa Wyspa",
                "Isla del Sur",
                "Etelä saari",
                "南島",
                "Pietų sala",
                "Sørøya",
                "Ilha do Sul",
                "Южный остров",
                "Sydön",
                "Південний острів",
                "Sydøen",
                "Déli-sziget"
              ]
            }
          }
        }
      }
    },
    "NA": {
      "name": [
        "Nordamerika",
        "North America",
        "Amérique du Nord",
        "Noord Amerika",
        "Severní Amerika",
        "Nord America",
        "Ameryka północna",
        "América del norte",
        "Pohjois-Amerikka",
        "北米",
        "Šiaurės Amerika",
        "Nord Amerika",
        "América do Norte",
        "Северная Америка",
        "Nordamerika",
        "Північна Америка",
        "Nordamerika",
        "Észak-Amerika"
      ],
      "regions": {
        "CA": {
          "name": [
            "Kanada",
            "Canada",
            "Canada",
            "Canada",
            "Kanada",
            "Canada",
            "Kanada",
            "Canadá",
            "Kanada",
            "カナダ",
            "Kanada",
            "Canada",
            "Canadá",
            "Канада",
            "Kanada",
            "Канада",
            "Canada",
            "Kanada"
          ],
          "regions": {
            "CA-AB": {
              "name": [
                "Alberta",
                "Alberta",
                "Alberta",
                "Alberta",
                "Alberta",
                "Alberta",
                "Alberta",
                "Alberta",
                "Alberta",
                "アルバータ",
                "Albertas",
                "Alberte",
                "Alberta",
                "Альберта",
                "Alberta",
                "Альберта",
                "Alberta",
                "Alberta"
              ]
            },
            "CA-BC": {
              "name": [
                "Britisch-Kolumbien",
                "British Columbia",
                "Colombie britannique",
                "Brits Columbia",
                "Britská Kolumbie",
                "Colombia britannica",
                "Brytyjska Kolumbia",
                "Colombia Británica",
                "Brittiläinen Kolumbia",
                "ブリティッシュコロンビア",
                "Britų Kolumbija",
                "Britisk Colombia",
                "Colômbia britânica",
                "Британская Колумбия",
                "British Columbia",
                "Британська Колумбія",
                "British Columbia",
                "Brit Columbia"
              ]
            },
            "CA-MB": {
              "name": [
                "Manitoba",
                "Manitoba",
                "Manitoba",
                "Manitoba",
                "Manitoba",
                "Manitoba",
                "Manitoba",
                "Manitoba",
                "Manitoba",
                "マニトバ",
                "Manitoba",
                "Manitoba",
                "Manitoba",
                "Манитоба",
                "Manitoba",
                "Манітоба",
                "Manitoba",
                "Manitoba"
              ]
            },
            "CA-ON": {
              "name": [
                "Ontario",
                "Ontario",
                "Ontario",
                "Ontario",
                "Ontario",
                "Ontario",
                "Ontario",
                "Ontario",
                "Ontario",
                "オンタリオ",
                "Ontarijas",
                "Ontario",
                "Ontário",
                "Онтарио",
                "Ontario",
                "Онтаріо",
                "Ontario",
                "Ontario"
              ]
            },
            "CA-QC": {
              "name": [
                "Québec",
                "Québec",
                "Québec",
                "Québec",
                "Québec",
                "Québec",
                "Québec",
                "Québec",
                "Québec",
                "ケベック",
                "Kvebekas",
                "Québec",
                "Quebec",
                "Квебек",
                "Québec",
                "Квебек",
                "Quebec",
                "Québec"
              ]
            },
            "CA-SK": {
              "name": [
                "Saskatchewan",
                "Saskatchewan",
                "Saskatchewan",
                "Saskatchewan",
                "Saskatchewan",
                "Saskatchewan",
                "Saskatchewan",
                "Saskatchewan",
                "Saskatchewan",
                "サスカチュワン",
                "Saskačevanas",
                "Saskatchewan",
                "Saskatchewan",
                "Саскачеван",
                "Saskatchewan",
                "Саскачеван",
                "Saskatchewan",
                "Saskatchewan"
              ]
            },
            "CA-NT": {
              "name": [
                "Nordwest-Territorien",
                "Northwest Territories",
                "Territoires du Nord-Ouest",
                "Noordwestterritoria",
                "Severozápadní teritoria",
                "Territori del Nord-Ovest",
                "Terytoria Północno-Zachodnie",
                "Territorios del Noroeste",
                "Luoteisterritoriot",
                "ノースウエスト準州",
                "Šiaurės Vakarų teritorijos",
                "Nordvestterritoriene",
                "Territórios do Noroeste",
                "Северо-Западные территории",
                "Nordvästterritorierna",
                "Північно-західні території",
                "Nordvestterritorierne",
                "Északnyugati területek"
              ]
            },
            "CA-NU": {
              "name": [
                "Nunavut",
                "Nunavut",
                "Nunavut",
                "Nunavut",
                "Nunavut",
                "Nunavut",
                "Nunavut",
                "Nunavut",
                "Nunavut",
                "ヌナブト準州",
                "Nunavutas",
                "Nunavut",
                "Nunavut",
                "Нунавут",
                "Nunavut",
                "Нунавут",
                "Nunavut",
                "Nunavut"
              ]
            },
            "CA-NS": {
              "name": [
                "Neuschottland",
                "Nova Scotia",
                "Nouvelle-Écosse",
                "Nova Scotia",
                "Nové Skotsko",
                "Nuova Scozia",
                "Nowa Szkocja",
                "Nueva Escocia",
                "Nova Scotia",
                "ノバスコシア州",
                "Naujoji Škotija",
                "Nova Scotia",
                "Nova Escócia",
                "Новая Шотландия",
                "Nova Scotia",
                "Нова Шотландія",
                "Nova Scotia",
                "Új-Skócia"
              ]
            },
            "CA-NB": {
              "name": [
                "Neubraunschweig",
                "New Brunswick",
                "Nouveau-Brunswick",
                "New Brunswick",
                "Nový Brunšvik",
                "Nuovo Brunswick",
                "Nowy Brunszwik",
                "Nuevo Brunswick",
                "New Brunswick",
                "ニューブランズウィック州",
                "Naujasis Bransvikas",
                "New Brunswick",
                "Novo Brunswick",
                "Нью-Брансуик",
                "New Brunswick",
                "Нью-Брансвік",
                "New Brunswick",
                "Új-Brunswick"
              ]
            },
            "CA-YT": {
              "name": [
                "Yukon",
                "Yukon",
                "Yukon",
                "Yukon",
                "Yukon",
                "Yukon",
                "Jukon",
                "Yukón",
                "Yukon",
                "ユーコン準州",
                "Jukonas",
                "Yukon",
                "Yukon",
                "Юкон",
                "Yukon",
                "Юкон",
                "Yukon",
                "Yukon"
              ]
            },
            "CA-NL": {
              "name": [
                "Neufundland und Labrador",
                "Newfoundland and Labrador",
                "Terre-Neuve-et-Labrador",
                "Newfoundland en Labrador",
                "Newfoundland a Labrador",
                "Terranova e Labrador",
                "Nowa Fundlandia i Labrador",
                "Terranova y Labrador",
                "Newfoundland ja Labrador",
                "ニューファンドランド・ラブラドール州",
                "Niufaundlandas ir Labradoras",
                "Newfoundland og Labrador",
                "Terra Nova e Labrador",
                "Ньюфаундленд и Лабрадор",
                "Newfoundland och Labrador",
                "Ньюфаундленд і Лабрадор",
                "Newfoundland og Labrador",
                "Új-Fundland és Labrador"
              ]
            },
            "CA-PE": {
              "name": [
                "Prinz-Eduard-Insel",
                "Prince Edward Island",
                "Île-du-Prince-Édouard",
                "Prince Edward Island",
                "Ostrov prince Edvarda",
                "Isola del Principe Edoardo",
                "Wyspa Księcia Edwarda",
                "Isla del Príncipe Eduardo",
                "Prinssi Edwardin saari",
                "プリンスエドワードアイランド州",
                "Princo Edvardo sala",
                "Prince Edward Island",
                "Ilha do Príncipe Eduardo",
                "Остров Принца Эдуарда",
                "Prince Edward Island",
                "Острів Принца Едварда",
                "Prince Edward Island",
                "Prince Edward-sziget"
              ]
            }
          }
        },
        "MX": {
          "name": [
            "Mexiko",
            "Mexico",
            "Mexique",
            "Mexico",
            "Mexiko",
            "Messico",
            "Meksyk",
            "México",
            "Meksiko",
            "メキシコ",
            "Meksika",
            "Mexico",
            "México",
            "Мексика",
            "Mexiko",
            "Мексика",
            "Mexico",
            "Mexikó"
          ]
        },
        "US": {
          "name": [
            "Vereinigte Staaten",
            "United States",
            "États-Unis",
            "Verenigde Staten",
            "Spojené státy",
            "Stati Uniti",
            "Stany Zjednoczone",
            "Estados Unidos",
            "Yhdysvallat",
            "アメリカ",
            "Jungtinės Valstijos",
            "forente stater",
            "Estados Unidos",
            "Соединенные Штаты",
            "USA",
            "Сполучені Штати",
            "Forenede Stater",
            "Egyesült Államok"
          ],
          "regions": {
            "US-AL": {
              "name": [
                "Alabama",
                "Alabama",
                "Alabama",
                "Alabama",
                "Alabama",
                "Alabama",
                "Alabama",
                "Alabama",
                "Alabama",
                "アラバマ",
                "Alabama",
                "Alabama",
                "Alabama",
                "Алабама",
                "Alabama",
                "Алабама",
                "Alabama",
                "Alabama"
              ]
            },
            "US-AK": {
              "name": [
                "Alaska",
                "Alaska",
                "Alaska",
                "Alaska",
                "Aljaška",
                "Alaska",
                "Alaska",
                "Alaska",
                "Alaska",
                "アラスカ",
                "Aliaska",
                "Alaska",
                "Alasca",
                "Аляска",
                "Alaska",
                "Аляска",
                "Alaska",
                "Alaszka"
              ]
            },
            "US-AZ": {
              "name": [
                "Arizona",
                "Arizona",
                "Arizona",
                "Arizona",
                "Arizona",
                "Arizona",
                "Arizona",
                "Arizona",
                "Arizona",
                "アリゾナ",
                "Arizona",
                "Arizona",
                "Arizona",
                "Аризона",
                "Arizona",
                "Арізона",
                "Arizona",
                "Arizona"
              ]
            },
            "US-AR": {
              "name": [
                "Arkansas",
                "Arkansas",
                "Arkansas",
                "Arkansas",
                "Arkansas",
                "Arkansas",
                "Arkansas",
                "Arkansas",
                "Arkansas",
                "アーカンソー",
                "Arkanzasas",
                "Arkansas",
                "Arkansas",
                "Арканзас",
                "Arkansas",
                "Арканзас",
                "Arkansas",
                "Arkansas"
              ]
            },
            "US-CA": {
              "name": [
                "California",
                "California",
                "Californie",
                "Californië",
                "Kalifornie",
                "California",
                "Kalifornia",
                "California",
                "Kalifornia",
                "カリフォルニア",
                "Kalifornija",
                "California",
                "Califórnia",
                "Калифорния",
                "Kalifornien",
                "Каліфорнія",
                "Californien",
                "Kalifornia"
              ]
            },
            "US-CO": {
              "name": [
                "Colorado",
                "Colorado",
                "Colorado",
                "Colorado",
                "Colorado",
                "Colorado",
                "Kolorado",
                "Colorado",
                "Colorado",
                "コロラド",
                "Koloradas",
                "Colorado",
                "Colorado",
                "Колорадо",
                "Colorado",
                "Колорадо",
                "Colorado",
                "Colorado"
              ]
            },
            "US-CT": {
              "name": [
                "Connecticut",
                "Connecticut",
                "Connecticut",
                "Connecticut",
                "Connecticut",
                "Connecticut",
                "Connecticut",
                "Connecticut",
                "Connecticut",
                "コネチカット",
                "Konektikutas",
                "Connecticut",
                "Connecticut",
                "Коннектикут",
                "Connecticut",
                "Коннектикут",
                "Connecticut",
                "Connecticut"
              ]
            },
            "US-DE": {
              "name": [
                "Delaware",
                "Delaware",
                "Delaware",
                "Delaware",
                "Delaware",
                "Delaware",
                "Delaware",
                "Delaware",
                "Delaware",
                "デラウェア",
                "Delaveras",
                "Delaware",
                "Delaware",
                "Делавэр",
                "Delaware",
                "Делавер",
                "Delaware",
                "Delaware"
              ]
            },
            "US-FL": {
              "name": [
                "Florida",
                "Florida",
                "Floride",
                "Florida",
                "Florida",
                "Florida",
                "Floryda",
                "Florida",
                "Florida",
                "フロリダ",
                "Florida",
                "Florida",
                "Flórida",
                "Флорида",
                "Florida",
                "Флорида",
                "Florida",
                "Florida"
              ]
            },
            "US-GA": {
              "name": [
                "Georgia",
                "Georgia",
                "Géorgie",
                "Georgië",
                "Gruzie",
                "Georgia",
                "Gruzja",
                "Georgia",
                "Georgia",
                "ジョージア",
                "Gruzija",
                "Georgia",
                "Geórgia",
                "Грузия",
                "Georgien",
                "Грузія",
                "Georgia",
                "Georgia"
              ]
            },
            "US-HI": {
              "name": [
                "Hawaii",
                "Hawaii",
                "Hawaii",
                "Hawaii",
                "Havaj",
                "Hawaii",
                "Hawaje",
                "Hawai",
                "Havaiji",
                "ハワイ",
                "Havajai",
                "Hawaii",
                "Havaí",
                "Гавайи",
                "Hawaii",
                "Гаваї",
                "Hawaii",
                "Hawaii"
              ]
            },
            "US-ID": {
              "name": [
                "Idaho",
                "Idaho",
                "Idaho",
                "Idaho",
                "Idaho",
                "Idaho",
                "Idaho",
                "Idaho",
                "Idaho",
                "アイダホ",
                "Aidahas",
                "Idaho",
                "Idaho",
                "Айдахо",
                "Idaho",
                "Айдахо",
                "Idaho",
                "Idaho"
              ]
            },
            "US-IL": {
              "name": [
                "Illinois",
                "Illinois",
                "Illinois",
                "Illinois",
                "Illinois",
                "Illinois",
                "Illinois",
                "Illinois",
                "Illinois",
                "イリノイ",
                "Ilinojus",
                "Illinois",
                "Illinois",
                "Иллинойс",
                "Illinois",
                "Іллінойс",
                "Illinois",
                "Illinois"
              ]
            },
            "US-IN": {
              "name": [
                "Indiana",
                "Indiana",
                "Indiana",
                "Indiana",
                "Indiana",
                "Indiana",
                "Indiana",
                "Indiana",
                "Indiana",
                "インディアナ",
                "Indiana",
                "Indiana",
                "Indiana",
                "Индиана",
                "Indiana",
                "Індіана",
                "Indiana",
                "Indiana"
              ]
            },
            "US-IA": {
              "name": [
                "Iowa",
                "Iowa",
                "Iowa",
                "Iowa",
                "Iowo",
                "Iowa",
                "Iowa",
                "Iowa",
                "Iowa",
                "アイオワ",
                "Ajova",
                "Iowa",
                "Iowa",
                "Айова",
                "Iowa",
                "Айова",
                "Iowa",
                "Iowa"
              ]
            },
            "US-KS": {
              "name": [
                "Kansas",
                "Kansas",
                "Kansas",
                "Kansas",
                "Kansas",
                "Kansas",
                "Kansas",
                "Kansas",
                "Kansas",
                "カンザス",
                "Kanzasas",
                "Kansas",
                "Kansas",
                "Канзас",
                "Kansas",
                "Канзас",
                "Kansas",
                "Kansas"
              ]
            },
            "US-KY": {
              "name": [
                "Kentucky",
                "Kentucky",
                "Kentucky",
                "Kentucky",
                "Kentucky",
                "Kentucky",
                "Kentucky",
                "Kentucky",
                "Kentucky",
                "ケンタッキー",
                "Kentukis",
                "Kentucky",
                "Kentucky",
                "Кентукки",
                "Kentucky",
                "Кентуккі",
                "Kentucky",
                "Kentucky"
              ]
            },
            "US-LA": {
              "name": [
                "Louisiana",
                "Louisiana",
                "Louisiane",
                "Louisiana",
                "Louisiana",
                "Louisiana",
                "Luizjana",
                "Luisiana",
                "Louisiana",
                "ルイジアナ",
                "Luiziana",
                "Louisiana",
                "Luisiana",
                "Луизиана",
                "Louisiana",
                "Луїзіана",
                "Louisiana",
                "Louisiana"
              ]
            },
            "US-ME": {
              "name": [
                "Maine",
                "Maine",
                "Maine",
                "Maine",
                "Maine",
                "Maine",
                "Maine",
                "Maine",
                "Maine",
                "メイン",
                "Meinas",
                "Maine",
                "Maine",
                "Мэн",
                "Maine",
                "Мен",
                "Maine",
                "Maine"
              ]
            },
            "US-MD": {
              "name": [
                "Maryland",
                "Maryland",
                "Maryland",
                "Maryland",
                "Maryland",
                "Maryland",
                "Maryland",
                "Maryland",
                "Maryland",
                "メリーランド",
                "Merilendas",
                "Maryland",
                "Maryland",
                "Мэриленд",
                "Maryland",
                "Меріленд",
                "Maryland",
                "Maryland"
              ]
            },
            "US-MA": {
              "name": [
                "Massachusetts",
                "Massachusetts",
                "Massachusetts",
                "Massachusetts",
                "Massachusetts",
                "Massachusetts",
                "Massachusetts",
                "Massachusetts",
                "Massachusetts",
                "マサチューセッツ",
                "Masačusetsas",
                "Massachusetts",
                "Massachusetts",
                "Массачусетс",
                "Massachusetts",
                "Массачусетс",
                "Massachusetts",
                "Massachusetts"
              ]
            },
            "US-MI": {
              "name": [
                "Michigan",
                "Michigan",
                "Michigan",
                "Michigan",
                "Michigan",
                "Michigan",
                "Michigan",
                "Michigan",
                "Michigan",
                "ミシガン",
                "Mičiganas",
                "Michigan",
                "Michigan",
                "Мичиган",
                "Michigan",
                "Мічиган",
                "Michigan",
                "Michigan"
              ]
            },
            "US-MN": {
              "name": [
                "Minnesota",
                "Minnesota",
                "Minnesota",
                "Minnesota",
                "Minnesota",
                "Minnesota",
                "Minnesota",
                "Minnesota",
                "Minnesota",
                "ミネソタ",
                "Minesota",
                "Minnesota",
                "Minnesota",
                "Миннесота",
                "Minnesota",
                "Міннесота",
                "Minnesota",
                "Minnesota"
              ]
            },
            "US-MS": {
              "name": [
                "Mississippi",
                "Mississippi",
                "Mississippi",
                "Mississippi",
                "Mississippi",
                "Mississippi",
                "Mississippi",
                "Misisipí",
                "Mississippi",
                "ミシシッピ",
                "Misisipė",
                "Mississippi",
                "Mississipi",
                "Миссисипи",
                "Mississippi",
                "Міссісіпі",
                "Mississippi",
                "Mississippi"
              ]
            },
            "US-MO": {
              "name": [
                "Missouri",
                "Missouri",
                "Missouri",
                "Missouri",
                "Missouri",
                "Missouri",
                "Missouri",
                "Misuri",
                "Missouri",
                "ミズーリ",
                "Misūris",
                "Missouri",
                "Missouri",
                "Миссури",
                "Missouri",
                "Міссурі",
                "Missouri",
                "Missouri"
              ]
            },
            "US-MT": {
              "name": [
                "Montana",
                "Montana",
                "Montana",
                "Montana",
                "Montana",
                "Montana",
                "Montana",
                "Montana",
                "Montana",
                "モンタナ",
                "Montana",
                "Montana",
                "Montana",
                "Монтана",
                "Montana",
                "Монтана",
                "Montana",
                "Montana"
              ]
            },
            "US-NE": {
              "name": [
                "Nebraska",
                "Nebraska",
                "Nebraska",
                "Nebraska",
                "Nebraska",
                "Nebraska",
                "Nebraska",
                "Nebraska",
                "Nebraska",
                "ネブラスカ",
                "Nebraska",
                "Nebraska",
                "Nebraska",
                "Небраска",
                "Nebraska",
                "Небраска",
                "Nebraska",
                "Nebraska"
              ]
            },
            "US-NV": {
              "name": [
                "Nevada",
                "Nevada",
                "Nevada",
                "Nevada",
                "Nevada",
                "Nevada",
                "Nevada",
                "Nevada",
                "Nevada",
                "ネバダ",
                "Nevada",
                "Nevada",
                "Nevada",
                "Невада",
                "Nevada",
                "Невада",
                "Nevada",
                "Nevada"
              ]
            },
            "US-NH": {
              "name": [
                "New Hampshire",
                "New Hampshire",
                "New Hampshire",
                "New Hampshire",
                "New Hampshire",
                "New Hampshire",
                "New Hampshire",
                "Nuevo Hampshire",
                "New Hampshire",
                "ニューハンプシャー",
                "Naujasis Hampšyras",
                "New Hampshire",
                "Nova Hampshire",
                "Нью-Гемпшир",
                "New Hampshire",
                "Нью-Гемпшир",
                "New Hampshire",
                "New Hampshire"
              ]
            },
            "US-NJ": {
              "name": [
                "New Jersey",
                "New Jersey",
                "New Jersey",
                "New Jersey",
                "New Jersey",
                "New Jersey",
                "New Jersey",
                "New Jersey",
                "New Jerseyssä",
                "ニュージャージー",
                "Naujasis Džersis",
                "New Jersey",
                "Nova Jersey",
                "Нью-Джерси",
                "New Jersey",
                "Нью Джерсі",
                "New Jersey",
                "New Jersey"
              ]
            },
            "US-NM": {
              "name": [
                "New Mexico",
                "New Mexico",
                "Nouveau Mexique",
                "New Mexico",
                "Nové Mexiko",
                "Nuovo Messico",
                "Nowy Meksyk",
                "Nuevo Mexico",
                "Uusi Meksiko",
                "ニューメキシコ",
                "Naujasis Meksikas",
                "New Mexico",
                "Novo México",
                "Нью-Мексико",
                "New Mexico",
                "Нью-Мексико",
                "New Mexico",
                "Új-Mexikó"
              ]
            },
            "US-NY": {
              "name": [
                "New York",
                "New York",
                "New York",
                "New York",
                "New York",
                "New York",
                "Nowy Jork",
                "Nueva York",
                "New York",
                "ニューヨーク",
                "Niujorkas",
                "New York",
                "Nova Iorque",
                "Нью-Йорк",
                "New York",
                "Нью-Йорк",
                "New York",
                "New York"
              ]
            },
            "US-NC": {
              "name": [
                "North Carolina",
                "North Carolina",
                "Caroline du Nord",
                "Noord Carolina",
                "Severní Karolina",
                "Carolina del Nord",
                "Karolina Północna",
                "Carolina del Norte",
                "Pohjois-Carolina",
                "ノースカロライナ州",
                "Šiaurės Karolina",
                "Nord-Carolina",
                "Carolina do Norte",
                "Северная Каролина",
                "norra Carolina",
                "Північна Кароліна",
                "North Carolina",
                "Észak-Karolina"
              ]
            },
            "US-ND": {
              "name": [
                "North Dakota",
                "North Dakota",
                "Dakota du nord",
                "Noord-Dakota",
                "Severní Dakota",
                "Nord Dakota",
                "Północna Dakota",
                "Dakota del Norte",
                "Pohjois-Dakota",
                "ノースダコタ",
                "Šiaurės Dakota",
                "Norddakota",
                "Dakota do Norte",
                "Северная Дакота",
                "norra Dakota",
                "Північна Дакота",
                "North Dakota",
                "Észak-Dakota"
              ]
            },
            "US-OH": {
              "name": [
                "Ohio",
                "Ohio",
                "Ohio",
                "Ohio",
                "Ohio",
                "Ohio",
                "Ohio",
                "Ohio",
                "Ohio",
                "オハイオ",
                "Ohajas",
                "Ohio",
                "Ohio",
                "Огайо",
                "Ohio",
                "Огайо",
                "Ohio",
                "Ohio"
              ]
            },
            "US-OK": {
              "name": [
                "Oklahoma",
                "Oklahoma",
                "Oklahoma",
                "Oklahoma",
                "Oklahoma",
                "Oklahoma",
                "Oklahoma",
                "Oklahoma",
                "Oklahoma",
                "オクラホマ",
                "Oklahoma",
                "Oklahoma",
                "Oklahoma",
                "Оклахома",
                "Oklahoma",
                "Оклахома",
                "Oklahoma",
                "Oklahoma"
              ]
            },
            "US-OR": {
              "name": [
                "Oregon",
                "Oregon",
                "Oregon",
                "Oregon",
                "Oregon",
                "Oregon",
                "Oregon",
                "Oregón",
                "Oregon",
                "オレゴン",
                "Oregonas",
                "Oregon",
                "Óregon",
                "Орегон",
                "Oregon",
                "Орегон",
                "Oregon",
                "Oregon"
              ]
            },
            "US-PA": {
              "name": [
                "Pennsylvania",
                "Pennsylvania",
                "Pennsylvanie",
                "Pennsylvania",
                "Pensylvánie",
                "Pennsylvania",
                "Pensylwania",
                "Pensilvania",
                "Pennsylvania",
                "ペンシルベニア",
                "Pensilvanija",
                "Pennsylvania",
                "Pensilvânia",
                "Пенсильвания",
                "Pennsylvania",
                "Пенсільванія",
                "Pennsylvania",
                "Pennsylvania"
              ]
            },
            "US-RI": {
              "name": [
                "Rhode Island",
                "Rhode Island",
                "Rhode Island",
                "Rhode Island",
                "Rhode Island",
                "Rhode Island",
                "Rhode Island",
                "Rhode Island",
                "Rhode Island",
                "ロードアイランド",
                "Rodo sala",
                "Rhode Island",
                "Rhode Island",
                "Род-Айленд",
                "Rhode Island",
                "Род-Айленд",
                "Rhode Island",
                "Rhode Island"
              ]
            },
            "US-SC": {
              "name": [
                "South Carolina",
                "South Carolina",
                "Caroline du Sud",
                "zuid Carolina",
                "Jižní Karolína",
                "Carolina del Sud",
                "Karolina Południowa",
                "Carolina del Sur",
                "Etelä-Carolina",
                "サウスカロライナ",
                "Pietų Karolina",
                "Sør-Carolina",
                "Carolina do Sul",
                "Южная Каролина",
                "South Carolina",
                "Південна Кароліна",
                "South Carolina",
                "Dél-Karolina"
              ]
            },
            "US-SD": {
              "name": [
                "South Dakota",
                "South Dakota",
                "Dakota du Sud",
                "zuid Dakota",
                "Jižní Dakota",
                "Sud Dakota",
                "Południowa Dakota",
                "Dakota del Sur",
                "Etelä-Dakota",
                "サウス・ダコタ",
                "Pietų Dakota",
                "Sør Dakota",
                "Dakota do Sul",
                "Северная Дакота",
                "South Dakota",
                "Південна Дакота",
                "South Dakota",
                "Dél-Dakota"
              ]
            },
            "US-TN": {
              "name": [
                "Tennessee",
                "Tennessee",
                "Tennessee",
                "Tennessee",
                "Tennessee",
                "Tennessee",
                "Tennessee",
                "Tennesse",
                "Tennessee",
                "テネシー",
                "Tenesis",
                "Tennessee",
                "Tennessee",
                "Теннесси",
                "Tennessee",
                "Теннессі",
                "Tennessee",
                "Tennessee"
              ]
            },
            "US-TX": {
              "name": [
                "Texas",
                "Texas",
                "Texas",
                "Texas",
                "Texas",
                "Texas",
                "Teksas",
                "Texas",
                "Texas",
                "テキサス",
                "Teksasas",
                "Texas",
                "Texas",
                "Техас",
                "Texas",
                "Техас",
                "Texas",
                "Texas"
              ]
            },
            "US-UT": {
              "name": [
                "Utah",
                "Utah",
                "Utah",
                "Utah",
                "Utah",
                "Utah",
                "Utah",
                "Utah",
                "Utah",
                "ユタ",
                "Juta",
                "Utah",
                "Utá",
                "Юта",
                "Utah",
                "Юта",
                "Utah",
                "Utah"
              ]
            },
            "US-VT": {
              "name": [
                "Vermont",
                "Vermont",
                "Vermont",
                "Vermont",
                "Vermont",
                "Vermont",
                "Vermont",
                "Vermont",
                "Vermont",
                "バーモント",
                "Vermontas",
                "Vermont",
                "Vermont",
                "Вермонт",
                "Vermont",
                "Вермонт",
                "Vermont",
                "Vermont"
              ]
            },
            "US-VA": {
              "name": [
                "Virginia",
                "Virginia",
                "Virginie",
                "Virginia",
                "Virginie",
                "Virginia",
                "Virginia",
                "Virginia",
                "Virginia",
                "バージニア",
                "Virdžinija",
                "Virginia",
                "Virgínia",
                "Вирджиния",
                "Virginia",
                "Вірджинія",
                "Virginia",
                "Virginia"
              ]
            },
            "US-WA": {
              "name": [
                "Washington",
                "Washington",
                "Washington",
                "Washington",
                "Washington",
                "Washington",
                "Washington",
                "Washington",
                "Washington",
                "ワシントン",
                "Vašingtonas",
                "Washington",
                "Washington",
                "Вашингтон",
                "Washington",
                "Вашингтон",
                "Washington",
                "Washington"
              ]
            },
            "US-WV": {
              "name": [
                "West Virginia",
                "West Virginia",
                "Virginie-Occidentale",
                "Virginia Occidentale",
                "západní Virginie",
                "Virginia dell'ovest",
                "Wirginia Zachodnia",
                "Virginia del Oeste",
                "Länsi-Virginia",
                "ウェストバージニア",
                "Vakarų Virdžinija",
                "vest.virginia",
                "West Virginia",
                "Западная Виргиния",
                "västra Virginia",
                "Західна Вірджинія",
                "West Virginia",
                "Nyugat-Virginia"
              ]
            },
            "US-WI": {
              "name": [
                "Wisconsin",
                "Wisconsin",
                "Wisconsin",
                "Wisconsin",
                "Wisconsin",
                "Wisconsin",
                "Wisconsin",
                "Wisconsin",
                "Wisconsin",
                "ウィスコンシン",
                "Viskonsinas",
                "Wisconsin",
                "Wisconsin",
                "Висконсин",
                "Wisconsin",
                "Вісконсін",
                "Wisconsin",
                "Wisconsin"
              ]
            },
            "US-WY": {
              "name": [
                "Wyoming",
                "Wyoming",
                "Wyoming",
                "Wyoming",
                "Wyoming",
                "Wyoming",
                "Wyoming",
                "Wyoming",
                "Wyoming",
                "ワイオミング",
                "Vajomingas",
                "Wyoming",
                "Wyoming",
                "Вайоминг",
                "Wyoming",
                "Вайомінг",
                "Wyoming",
                "Wyoming"
              ]
            }
          }
        }
      }
    },
    "SA": {
      "name": [
        "Südamerika",
        "South America",
        "Amérique du Sud",
        "Zuid-Amerika",
        "Jižní Amerika",
        "Sud America",
        "Ameryka Południowa",
        "Sudamerica",
        "Etelä-Amerikka",
        "南アメリカ",
        "Pietų Amerika",
        "Sør Amerika",
        "América do Sul",
        "Южная Америка",
        "Sydamerika",
        "Південна Америка",
        "Sydamerika",
        "Dél-Amerika"
      ],
      "regions": {
        "AR": {
          "name": [
            "Argentinien",
            "Argentina",
            "Argentine",
            "Argentinië",
            "Argentina",
            "Argentina",
            "Argentyna",
            "Argentina",
            "Argentiina",
            "アルゼンチン",
            "Argentina",
            "Argentina",
            "Argentina",
            "Аргентина",
            "Argentina",
            "Аргентина",
            "Argentina",
            "Argentína"
          ]
        },
        "BR": {
          "name": [
            "Brasilien",
            "Brazil",
            "Brésil",
            "Brazilië",
            "Brazílie",
            "Brasile",
            "Brazylia",
            "Brasil",
            "Brasilia",
            "ブラジル",
            "Brazilija",
            "Brasil",
            "Brasil",
            "Бразилия",
            "Brasilien",
            "Бразилія",
            "Brasilien",
            "Brazília"
          ]
        },
        "CL": {
          "name": [
            "Chile",
            "Chile",
            "Chili",
            "Chili",
            "Chile",
            "Chile",
            "Chile",
            "Chile",
            "Chile",
            "チリ",
            "Čilė",
            "Chile",
            "Chile",
            "Чили",
            "Chile",
            "Чилі",
            "Chile",
            "Chile"
          ]
        },
        "CO": {
          "name": [
            "Kolumbien",
            "Colombia",
            "Colombie",
            "Colombia",
            "Kolumbie",
            "Colombia",
            "Kolumbia",
            "Colombia",
            "Kolumbia",
            "コロンビア",
            "Kolumbija",
            "Colombia",
            "Colômbia",
            "Колумбия",
            "Colombia",
            "Колумбія",
            "Colombia",
            "Kolumbia"
          ]
        },
        "EC": {
          "name": [
            "Ecuador",
            "Ecuador",
            "Equateur",
            "Ecuador",
            "Ekvádor",
            "Ecuador",
            "Ekwador",
            "Ecuador",
            "Ecuador",
            "エクアドル",
            "Ekvadoras",
            "Ecuador",
            "Equador",
            "Эквадор",
            "Ecuador",
            "Еквадор",
            "Ecuador",
            "Ecuador"
          ]
        }
      }
    }
  }
}