Region,WeGlide,OpenAIP,OpenAIP ID,Launches,Wrong
AR,America Buenos,AMERICA,139515,170,
AR,Gonzalez Chavez,GONZALEZ CHAVES,139775,81,
AR,Azul Aerodromo,AZUL,139533,155,
AR,Zarate,ZARATE,140133,127,
AR,Laguna De Gomez,LAGUNA DE GOMEZ,139869,75,
AR,San Martin Mendoza,SAN MARTIN,140053,82,x
AR,Santa Rosa,SANTA ROSA,140065,13,
AR,San Juan Aeroclub,SAN JUAN AEROCLUB,140050,21,
AR,Rafaela,RAFAELA,139999,38,x
AR,Trenque Lauquen,TRENQUE LAUQUEN,140101,12,
AR,Alvear Aeroparque,ALVEAR AEROPARQUE,139513,22,
AR,Esperanza Santa,ESPERANZA,139695,27,x
AR,Bolivar,BOLIVAR,139556,72,
AR,Chos Malal,CHOS MALAL,139616,1,
AR,Jachal,CHAPELCO,139606,62,x
AR,Albatros,BARADERO,139541,37,x
AR,Canuelas,MANUEL AFONSO,139912,23,x
AR,Ceres,CERES,139600,2,x
AR,Nahuel Huapi,LAGO NAHUEL HUAPI,139868,10,
AR,Zapala,ZAPALA,140132,62,
AR,Pehuajó,COMODORO PEDRO ZANNI,139629,47,
AR,General Roca,GRAL ROCA,139779,1,x
AR,Villa Dolores,VILLA DOLORES,140120,55,
AR,Blondi Junin,BENITO JUAREZ,139551,8,x
AR,La Laja,LA LAJA,139841,0,
AR,Tandil My Eduard,TANDIL AEROCLUB,140083,6,x
AR,Valle Del Conlara,VALLE DEL CONLARA,140110,0,
AR,Elizalde,ELIZALDE,139693,6,
AR,Jorge Newbery,JORGE NEWBERY,139823,0,
AR,Pigue,PIGUE,139974,15,
AR,Asuncion Silvio,DON EMILIO,139663,6,x
AR,El Calafate,EL CALAFATE,139672,19,
AR,Jueraz Celman,JUAREZ CELMAN,139828,0,
AR,Giles San Andres,SAN ANDRES DE GILES,140035,2,
AR,Jose De San Martin,JOSE DE SAN MARTIN,139824,12,
AT-1,Pinkafeld,PINKAFELD,141950,1,
AT-1,Punitz-Güssingg,PUNITZ-GÜSSING,141951,0,
AT-2,Nötsch,NÖTSCH IM GAILTAL,141945,266,
AT-2,Feldkirchen,FELDKIRCHEN/OSSIACHER SEE,141947,154,
AT-2,Ferlach-Glainach,FERLACH-GLAINACH,141900,27,
AT-2,Friesach-Hirt,FRIESACH-HIRT,141897,10,
AT-2,Klagenfurt,KLAGENFURT,141923,1,
AT-2,Wolfsberg,WOLFSBERG,141996,0,
AT-3,Wiener Neustadt,WIENER NEUSTADT WEST,141994,79,
AT-3,Dobersberg,DOBERSBERG,141887,61,
AT-3,Tulln Langenlebarn,TULLN,141979,8,
AT-3,Krems-Langenlois,KREMS-LANGENLOIS,141925,7,
AT-3,Wiener Neustadt Ost,WIENER NEUSTADT OST,141993,1,
AT-3,Spitzerberg,SPITZERBERG,141968,0,
AT-3,Seitenstetten,SEITENSTETTEN,141967,0,
AT-3,Stockerau,STOCKERAU,141976,2,
AT-3,St. Georgen-Ybbsfeld,ST. GEORGEN AM YBBSFELD,141971,1,
AT-3,Völtendorf,VÖLTENDORF,141985,0,
AT-3,Vöslau,VÖSLAU,141986,0,
AT-4,Micheldorf,MICHELDORF,141941,90,
AT-4,Ried-Kirchheim,RIED-KIRCHHEIM,141956,57,
AT-4,Schärding-Suben,SCHÄRDING-SUBEN,141966,40,
AT-4,Scharnstein,SCHARNSTEIN,141960,32,
AT-4,Gmunden,GMUNDEN-LAAKIRCHEN,141902,25,
AT-4,Linz-Ost,LINZ-OST,141934,7,
AT-4,Eferding,EFERDING,141889,7,
AT-4,Wels,WELS,141990,0,
AT-4,Linz,LINZ,141933,0,
AT-5,Zell Am See,ZELL AM SEE,141998,168,
AT-5,Mauterndorf,MAUTERNDORF,141937,78,
AT-6,Niederöblarn,NIEDERÖBLARN,141943,192,
AT-6,Lanzen-Turnau,LANZEN-TURNAU,141982,43,
AT-6,Leoben/Timmersdorf,LEOBEN/TIMMERSDORF,141980,22,
AT-6,Aigen,AIGEN,141875,15,
AT-6,Graz,GRAZ,141904,9,
AT-6,Zeltweg,ZELTWEG,141997,9,
AT-6,Mariazell,MARIAZELL,141936,10,
AT-6,Weiz-Unterfladni,WEIZ/UNTERFLADNITZ,141989,0,
AT-6,Trieben,TRIEBEN,141981,9,
AT-6,Fürstenfeld,FÜRSTENFELD,141899,1,
AT-6,Kapfenberg,KAPFENBERG,141918,0,
AT-7,Lienz-Nikolsdorf,LIENZ-NIKOLSDORF,141932,330,
AT-7,St. Johann,ST. JOHANN/TIROL,141973,157,
AT-7,Reutte-Höfen,REUTTE-HÖFEN,141955,119,
AT-7,Kufstein,KUFSTEIN-LANGKAMPFEN,141929,88,
AT-7,Innsbruck,INNSBRUCK,141915,87,
AT-8,Hohenems-Dornbirn,HOHENEMS-DORNBIRN,141911,119,
AU-NSW,Lake Keepit,LAKE KEEPIT,140980,1009,
AU-NSW,Narromine,NARROMINE,141284,743,
AU-NSW,Tocumwal,TOCUMWAL,141642,570,
AU-NSW,Temora,TEMORA,141604,466,
AU-NSW,Warkworth,WARKWORTH,141723,131,
AU-NSW,Pipers Field,BATHURST PIPERSFIELD,2496132,111,
AU-NSW,West Wyalong,WEST WYALONG,141759,0,
AU-NSW,Leeton,LEETON,141011,109,
AU-NSW,Bunyan,BUNYAN,2496133,32,
AU-NSW,Cootamundra,COOTAMUNDRA,140517,60,
AU-NSW,Bathurst,BATHURST,140266,3,
AU-NSW,Camden,CAMDEN,140405,21,
AU-NSW,Gloucester,GLOUCESTER,140742,6,
AU-NSW,Richmond,RICHMOND,141467,0,
AU-NSW,Broken Hill,BROKEN HILL,140359,0,
AU-NSW,Gilgandra,GILGANDRA,140727,0,
AU-NSW,Mangrove Mountain,MANGROVE MOUNTAIN,141080,0,
AU-NSW,Cobar,COBAR,140470,0,
AU-NSW,Wentworth,WENTWORTH,141752,0,
AU-NSW,Moree,MOREE,141172,0,
AU-NSW,Hay,HAY,140791,0,
AU-NSW,White Cliffs,WHITE CLIFFS,141767,0,
AU-NSW,Balranald,BALRANALD,140241,0,
AU-NSW,Coonamble,COONAMBLE,140506,0,
AU-NSW,Nyngan,NYNGAN,141338,0,
AU-NSW,Walgett,WALGETT,141707,0,
AU-NSW,Brewarrina,BREWARRINA,140353,0,
AU-NSW,Forbes,FORBES,140690,0,
AU-NSW,Hillston,HILLSTON,140811,0,
AU-NSW,Tibooburra,TIBOOBURRA,141630,0,
AU-NSW,Castletop,CASTERTON,140439,0,
AU-NSW,Coolah,COOLAH,140499,0,
AU-NSW,Coonabarabran,COONABARABRAN,140505,0,
AU-NSW,Cowra,COWRA,140533,0,
AU-NSW,Dubbo,DUBBO,140612,0,
AU-NSW,Griffith,GRIFFITH,140769,0,
AU-NSW,Gunnedah,GUNNEDAH,140776,0,
AU-NSW,Inverell,INVERELL,140854,0,
AU-NSW,Lake Cargelligo,LAKE CARGELLIGO,140973,0,
AU-NSW,Mudgee,MUDGEE,141238,0,
AU-NSW,Mungo Lodge,MUNGO LODGE,141254,0,
AU-NSW,Narrandera,NARRANDERA,141282,0,
AU-NSW,Scone,SCONE,141511,0,
AU-NSW,Wanaaring,WANAARING,141715,0,
AU-NSW,Warren,WARREN,141730,0,
AU-NSW,Wee Waa,WEE WAA,141745,0,
AU-NSW,Wilcannia,WILCANNIA,141775,0,
AU-NT,Bond Springs,BOND SPRINGS,140329,10,
AU-NT,Kings Creek,KINGS CREEK,140936,0,
AU-QLD,Kingaroy,KINGAROY,140932,502,
AU-QLD,Warwick,WARWICK,141733,417,
AU-QLD,McCaffery Field,MCCAFFREY FIELD DARLING DOWNS,1743112,337,
AU-QLD,Goondiwindi,GOONDIWINDI,140752,0,
AU-QLD,Gympie,GYMPIE,140778,7,
AU-QLD,Mareeba,MAREEBA,141090,36,
AU-QLD,Boonah,BOONAH,140336,58,
AU-QLD,Burketown,BURKETOWN,140382,17,
AU-QLD,Charters Towers,CHARTERS TOWERS,140450,4,
AU-QLD,Chinchilla,CHINCHILLA,140457,0,
AU-QLD,Pirrinuan,PIRRINUAN,2496134,0,
AU-QLD,Dululu,DULULU,2496136,5,
AU-QLD,Cloncurry,CLONCURRY,140468,2,
AU-QLD,Caboolture,CABOOLTURE,140391,0,
AU-QLD,Georgetown,GEORGETOWN,140719,2,
AU-QLD,Hervey Bay,HERVEY BAY,140804,0,
AU-QLD,Longreach,LONGREACH,141039,2,
AU-QLD,Adels Grove,ADELS GROVE,140155,0,
AU-QLD,Clifton,CLIFTON,140465,0,
AU-QLD,Mitchell,MITCHELL,141151,0,
AU-QLD,Winton,WINTON,141794,0,
AU-QLD,Augathella,AUGATHELLA,140214,0,
AU-QLD,Blackall,BLACKALL,140311,0,
AU-QLD,Elliott,ELLIOTT,140645,0,
AU-QLD,Roma,ROMA,141484,0,
AU-QLD,Toowoomba,TOOWOOMBA,141652,0,
AU-QLD,Atherton,ATHERTON,140211,0,
AU-QLD,Caloundra,CALOUNDRA,140401,0,
AU-QLD,Chillagoe,CHILLAGOE,140456,0,
AU-QLD,Karumba,KARUMBA,140906,0,
AU-QLD,Mungindi,MUNGINDI,141253,0,
AU-QLD,St George,SAINT GEORGE,141502,0,
AU-QLD,Thargomindah,THARGOMINDAH,141614,0,
AU-QLD,Wilton,WILTON,141786,0,
AU-QLD,Wondai,WONDAI,141805,0,
AU-SA,Waikerie,WAIKERIE,141704,171,
AU-SA,Gawler,GAWLER,140716,45,
AU-SA,Stonefield,STONEFIELD,141550,17,
AU-SA,Bordertown,BORDERTOWN,140340,16,
AU-SA,Balaklava,BALAKLAVA,140232,12,
AU-SA,Jamestown,JAMESTOWN,140866,0,
AU-SA,Farrell Flat,FARRELL FLAT,140680,0,
AU-SA,Marree,MARREE,141097,0,
AU-SA,Port Augusta,PORT AUGUSTA,141419,0,
AU-SA,Renmark,RENMARK,141464,0,
AU-SA,Adelaide Parafield,ADELAIDE PARAFIELD,140154,0,
AU-SA,Blinman,BLINMAN,140315,0,
AU-SA,Coober Pedy,COOBER PEDY,140495,0,
AU-VIC,Benalla,BENALLA,140284,989,
AU-VIC,Corowa,COROWA,140524,186,
AU-VIC,Mount Beauty,MOUNT BEAUTY,141184,111,
AU-VIC,Bacchus Marsh,BACCHUS MARSH,140227,170,
AU-VIC,Horsham,HORSHAM,140827,215,
AU-VIC,Raywood,RAYWOOD,1954680,128,
AU-VIC,Ararat,ARARAT,140193,69,
AU-VIC,Wangaratta,WANGARATTA,141719,35,
AU-VIC,Porepunkah,POREPUNKAH,141416,17,
AU-VIC,Sunraysia,SUNRAYSIA,2496135,7,
AU-VIC,Khancoban,KHANCOBAN,140919,3,
AU-VIC,Point Cook,POINT COOK,141412,0,
AU-VIC,Woodbury,WOODBURY AIRFIELD,141812,0,
AU-VIC,Leongatha,LEONGATHA,141016,7,
AU-VIC,Albury,ALBURY,140162,4,
AU-VIC,Grampians,GRAMPIANS,140758,0,
AU-VIC,Coongulla,COONGULLA,2496137,0,
AU-VIC,Mildura,MILDURA,141129,0,
AU-VIC,Tumut,TUMUT,141675,0,
AU-VIC,Swan Hill,SWAN HILL,141573,0,
AU-VIC,Jerilderie,JERILDERIE,140871,1,
AU-VIC,Nhill,NHILL,141306,0,
AU-VIC,Finley,FINLEY,140683,0,
AU-VIC,Fiskville,FISKVILLE,140685,0,
AU-VIC,Maryborogh,MARYBOROUGH,141101,0,
AU-VIC,Benambra,BENAMBRA,140285,0,
AU-VIC,Port Fairy,PORT FAIRY,141420,1,
AU-VIC,Yarrawonga,YARRAWONGA,141855,0,
AU-VIC,Bairnsdale,BAIRNSDALE,140230,0,
AU-VIC,Deniliquin,DENILIQUIN,140583,0,
AU-VIC,Devonport,DEVONPORT,140591,1,
AU-VIC,Donald,DONALD,140601,0,
AU-VIC,Holbrook,HOLBROOK,140817,0,
AU-VIC,Stawell,STAWELL,141548,0,
AU-WA,Beverley,BEVERLEY,140294,728,
AU-WA,Cunderdin,CUNDERDIN,140547,222,
AU-WA,Southern Cross,SOUTHERN CROSS,141536,0,
AU-WA,Narrogin,NARROGIN,141283,29,
AU-WA,Morawa,MORAWA,141171,0,
AU-WA,Bindoon,BINDOON COLLEGE AIRSTRIP,140303,1,
AU-WA,Albany,ALBANY,140159,0,
AU-WA,Quairading,QUAIRADING,141436,0,
AU-WA,Dowerin,DOWERIN,140609,0,
AU-WA,Kulin,KULIN,140959,0,
AU-WA,Wyalkatchem,WYALKATCHEM,141825,0,
AU-WA,York,YORK,141862,0,
BA,Livno,LIVNO,142470,117,
BA,Bihac,BIHAC,142469,5,
BA,Tuzla,JEGIN LUG TUZLA,142475,11,
BA,Urije-Prijedor,PRIJEDOR,142472,9,
BA,Sarajevo,SARAJEVO,142473,1,
BA,Banja Luka,BANJA LUKA,142468,0,
BE-VLG,Balen-Keiheuvel,BALEN / KEIHEUVEL,142150,93,
BE-VLG,Weelde,WEELDE,142251,55,
BE-VLG,Diest Schaffen,DIEST/SCHAFFEN,142169,56,
BE-VLG,Kiewit,HASSELT / KIEWIT,142192,25,
BE-VLG,Overboelare,GERAARDSBERGEN / OVERBOELARE,142186,36,
BE-VLG,Tournai Maubray,TOURNAI / MAUBRAY,142243,11,
BE-VLG,Brasschaat,BRASSCHAAT,142155,23,
BE-VLG,Zutendaal,ZUTENDAAL,142259,28,
BE-VLG,Zoersel Oostmalle,ZOERSEL / OOSTMALLE,142256,16,
BE-VLG,Genk Zwartberg,GENK / ZWARTBERG,142184,7,
BE-VLG,Goetsenhoven,GOETSENHOVEN,142187,7,
BE-VLG,Leopoldsburg,LEOPOLDSBURG / BEVERLO,142203,0,
BE-VLG,Beerse Vliegveld,BEERSE VLIEGVELD,189708,0,
BE-WAL,St Hubert,SAINT-HUBERT,142234,184,
BE-WAL,Verviers Theux,VERVIERS/THEUX,142246,29,
BE-WAL,Namur-Suarlée,NAMUR,142217,2,
BE-WAL,St Hubert Military,SAINT-HUBERT (MIL),142235,1,
BE-WAL,Florennes,FLORENNES,142180,0,
BG,Gorna Oryahovitsa,GORNA ORYAHOVITSA AIRPORT,146210,5,
BG,Varna,VARNA AIRPORT,146259,6,
BR,Bebedouro,BEBEDOURO,142779,535,
BR,Tatui,TATUí,145959,412,
BR,Cacapava,FAZ. CAçAPAVA,143596,625,
BR,Formosa Aerodrom,FORMOSA,144761,460,
BR,Campo Fontenelle,CAMPO FONTENELLE,142902,608,
BR,Bauru,BAURU,142778,76,
BR,Marília,MARíLIA,145209,151,
BR,Rio Claro,RIO CLARO,145697,236,
BR,Itápolis,AEROCLUBE DE ITáPOLIS,142551,10,
BR,Osório,OSóRIO,145397,0,
BR,Bahia,BAHIA GLIDING NF,2447942,145,
BR,Luís Ed. Magalhães,LUIS EDUARDO MAGALHãES,145153,155,
BR,São Pedro,SãO PEDRO,145914,0,
BR,Bento Gonçalves,AEROCLUBE DE BENTO GONçALVES,142547,10,
BR,Palmeira Das Missões,PALMEIRA DAS MISSõES,145420,155,
BR,Belem Novo,BELEM NOVO,142784,10,
BR,Montenegro,MONTENEGRO,145284,0,
BR,Jundiaí,JUNDIAí,145088,0,
BR,Rancho Sumidor,RANCHO SUMIDOR,145648,163,
BR,Erechim,ERECHIM,143261,35,
BR,Faz. Thália,FAZ. THáLIA,144597,1,
BR,Floarianópolis,FLORIANóPOLIS,144755,1,
BR,Rio Verde,GEN. LEITE DE CASTRO,144804,0,
BR,Chapecó,CHAPECó,143020,21,
BR,Luziânia,BRIGADEIRO ARARIPE MACEDO,142842,6,
BR,Fazenda Panambi,ADDED,144065,1,x
BR,Araraquara,ARARAQUARA,142666,51,
BR,Passo Fundo,PASSO FUNDO AEROCLUBE,145461,0,
BR,Lavras,LAVRAS,145126,0,
BR,Campo Fontenelle,CAMPO FONTENELLE,145510,20,
BR,Crateús,CRATEúS,143134,19,
BR,Fazenda Ykaraí,FAZ. YKARAí,144696,12,
BR,Itapetininga,FAZ. ROYAL,144231,4,
BR,Garibaldi,GARIBALDI,144801,0,
BR,Pontal Flyinn,ADDED PONTAL,145550,11,x
BR,Barretos,BARCELOS,142750,0,
BR,Pindamonhangaba,PINDAMONHANGABA,145500,1,
BR,Campo Mourão,CAMPO MOURãO,142907,0,
BR,Blumenau,BLUMENAU,142803,0,
BR,Veranopolis,VERANOPOLIS,146116,0,
BR,Aragarças,ARAGARçAS,142657,0,
BR,Fazenda Palmital,FAZ. PALMITAL,144062,1,
BR,Carazinho,CARAZINHO,142954,0,
BR,Lençóis Paulista,LENçóIS PAULISTA,145134,0,
BR,São João Da Boa Vista,SãO JOãO DA BOA VISTA,145895,0,
BR,São José Dos Campos,SãO JOSé DOS CAMPOS,145887,0,
CA-AB,Black Diamond,CU NIM AIRPORT,146712,110,x
CA-AB,Cowley,COWLEY AIRPORT,146707,34,
CA-AB,Chipman,CHIPMAN AIRPORT,146669,60,
CA-AB,Brooks,BROOKS,146508,14,
CA-AB,Olds Netook,OLDS (NETOOK) AIRPORT,147337,0,
CA-AB,Pincher Creek,PINCHER CREEK AIRPORT,147407,0,
CA-AB,Innisfail,INNISFAIL AIRPORT,147027,20,
CA-AB,Claresholm,CLARESHOLM INDUSTRIAL AIRPORT,146676,0,
CA-BC,Invermere,INVERMERE AIRPORT,147029,347,
CA-BC,Hope,HOPE,146961,229,
CA-BC,Pemberton,PEMBERTON AIRPORT,147397,28,
CA-BC,Port Alberni,PORT ALBERNI,147370,52,
CA-BC,Fairmont Hot Springs,FAIRMONT HOT SPRINGS,146822,51,
CA-BC,Merritt,MERRITT AIRPORT,147248,0,
CA-BC,Elko,PELEE ISLAND,147360,0,x
CA-BC,Valemount,VALEMOUNT,147760,19,
CA-BC,Kelowna,KELOWNA,147055,1,
CA-BC,Bulkley Valley Soaring,ECHO VALLEY AIRPORT,146786,7,x
CA-BC,Vernon,VERNON,147765,1,
CA-MB,Starbuck,STARBUCK AIRPORT,147652,137,
CA-ON,Hawkesbury,HAWKESBURY AIRPORT,146990,326,
CA-ON,Rockton SOSA On,ROCKTON AIRPORT,147501,393,
CA-ON,Arthur,ARTHUR EAST AIRPORT,146470,54,
CA-ON,Kars/Rideau Valley Air Park,RIDEAU VALLEY AIR PARK,147488,179,
CA-ON,Pendleton GATGC,PENDLETON AIRPORT,147399,132,
CA-ON,Torontosoari,CORONATION,146613,63,x
CA-ON,Colgan,COCHRANE,146607,28,x
CA-ON,Ottawa Carp,OTTAWA CARP,147330,0,
CA-ON,Brantford,BRANTFORD,146504,1,
CA-ON,Embro Airport,PEMBERTON AIRPORT,147397-176265,7,x
CA-QC,St-Dominique CVVC,ST-DOMINIQUE AIRPORT,147626,259,
CA-QC,St Raymond/Paquet,PAQUET AIRPORT,147386,289,
CA-QC,Baie St Paul,BAIE-ST-PAUL HELIPORT,146513,26,x
CA-QC,Bromont,BROMONT,146507,1,
CA-QC,St Hyacinthe,ST HYACINTHE AIRPORT,147619,0,
CA-QC,Roberval,ROBERVAL,147467,3,
CA-SK,Cudworth,CUDWORTH AIRPORT,146713,87,
CH,Birrfeld,BIRRFELD,161472,344,
CH,Schänis,SCHÄNIS,161522,395,
CH,Grenchen,GRENCHEN,161485,185,
CH,Bad Ragaz,BAD RAGAZ,161466,155,
CH,San Vittore,SAN VITTORE AIRPORT,161519,124,
CH,Samedan,SAMEDAN,161518,133,
CH,Hausen am Albis,HAUSEN AM ALBIS,161489,105,
CH,Langenthal,LANGENTHAL,161494,148,
CH,Münster,MUENSTER,161509,161,
CH,Schaffhausen,SCHAFFHAUSEN,161521,115,
CH,Dittingen,DITTINGEN,161478,187,
CH,Montricher,MONTRICHER,161507,98,
CH,Zweisimmen,ZWEISIMMEN,161540,151,
CH,Bern-Belp,BERN-BELP,161469,143,
CH,St Gallen-Altenrhein,ST GALLEN-ALTENRHEIN,161527,111,
CH,Amlikon,AMLIKON,161464,87,
CH,Saanen,SAANEN,161517,122,
CH,Kägiswil,KAGISWIL,161492,85,
CH,Winterthur,WINTERTHUR,161536,84,
CH,Bellechasse,BELLECHASSE,161468,87,
CH,Buochs,BUOCHS,161475,97,
CH,Buttwil,BUTTWIL,161476,69,
CH,Fricktal-Schupfart,FRICKTAL-SCHUPFART,161482,90,
CH,Courtelary,COURTELARY,161477,108,
CH,Bex,BEX,161470,83,
CH,Mollis,MOLLIS,161506,61,
CH,Sion,SION,161524,73,
CH,Thun,THUN,161531,99,
CH,Gruyeres,GRUYERES,161486,123,
CH,Olten,OLTEN,161511,34,
CH,Yverdon-Les-Bains,YVERDON-LES-BAINS,161538,23,
CH,Locarno,LOCARNO,161499,50,
CH,Luzern-Beromünster,LUZERN-BEROMUNSTER,161504,83,
CH,Neuchatel,NEUCHATEL,161510,25,
CH,Speck Fehraltorf,SPECK-FEHRALTORF,161526,31,
CH,Ambri,AMBRI,161463,1,
CH,Lodrino Air Base,LODRINO AIR BASE,161500,32,
CH,Biel Kappelen,BIEL-KAPPELEN,161471,16,
CH,Raron,RARON,161515,4,
CH,Les Eplatures,LES EPLATURES,161497,2,
CL,Municipal de Vitacura,MUNICIPAL DE VITACURA,148243,620,
CL,Olmué,OLMUé,148246,139,
CL,Los Andes San Ra,LAGUNA SAN RAFAEL,148181,0,x
CL,Chicureo,CHICUREO,147988,0,
CL,Huancará,HUANCARá,148144,0,
CL,Calama,EL LOA,148019,7,
CL,San Pedro De Atacama,SAN PEDRO DE ATACAMA,148321,6,
CO,Guaymaral,FLAMINIO SUáREZ CAMACHO,148740,4,
CZ,Mikulovice,MIKULOVICE,149520,279,
CZ,Zbraslavice,ZBRASLAVICE,149643,31,
CZ,Hosin,HOSIN,149497,0,
CZ,Hodkovice,HODKOVICE,149494,59,
CZ,Velke Porici,VELKE PORICI,149634,28,
CZ,Moravska Trebova,MORAVSKA TREBOVA,149524,16,
CZ,Rakovnik,RAKOVNIK,149543,22,
CZ,Dvur Kralove,DVUR KRALOVE,149490,24,
CZ,Kunovice,KUNOVICE,149513,5,
CZ,Vrchlabi,VRCHLABI,149637,0,
CZ,Stankov,STANKOV,149551,11,
CZ,Benesov,BENESOV,149477,10,
CZ,Rana,RANA,149544,19,
CZ,Šumperk,SUMPERK,149555,27,
CZ,Krnov,KRNOV,149511,21,
CZ,Pribyslav,PRIBYSLAV,149541,16,
CZ,Vyskov,VYSKOV,149638,0,
CZ,Touzim,TOUZIM,149559,8,
CZ,Krizanov,KRIZANOV,149509,2,
CZ,Jicin,JICIN,149502,4,
CZ,Tabor,TABOR,149556,1,
CZ,Policka,POLICKA,149536,4,
CZ,Medlanky,MEDLANKY,149519,1,
CZ,Pribram,PRIBRAM,149540,0,
CZ,Roudnice,ROUDNICE,149546,0,
CZ,Zamberk,ZAMBERK,149641,14,
CZ,Havlickuv Brod,HAVLICKUV BROD,149493,5,
CZ,Frydlant,FRYDLANT,149492,8,
CZ,Podhorany,PODHORANY,149535,1,
CZ,Horovice,HOROVICE,149496,0,
CZ,Most,MOST,149525,5,
CZ,Ústí nad Orlicí,USTI NAD ORLICI,149633,0,
CZ,Chomutov,CHOMUTOV,149487,2,
CZ,Plasy,PLASY,149533,0,
CZ,Kromeriz,KROMERIZ,149512,0,
CZ,Chotebor,CHOTEBOR,149488,1,
CZ,Mlada Boleslav,MLADA BOLESLAV,149522,0,
CZ,Letkov,LETKOV,149515,4,
CZ,Jihlava,JIHLAVA,149503,0,
CZ,Breclav,BRECLAV,149479,1,
CZ,Olomouc,OLOMOUC,149527,0,
CZ,Vysoke Myto,VYSOKE MYTO,149639,0,
CZ,Hranice,HRANICE,149500,3,
CZ,Liberec,LIBEREC,149517,7,
CZ,Horice,HORICE,149495,0,
CZ,Cheb,CHEB,149485,0,
CZ,Klatovy,KLATOVY,149507,4,
DE-BB,Lüsse,LUESSE,152702,637,
DE-BB,Reinsdorf,REINSDORF,152949,455,
DE-BB,Brandenburg-Mühlenfeld,BRANDENBURG-MUEHLENFELD,152142,351,
DE-BB,Wittstock-Berlinchen,WITTSTOCK-BERLINCHEN,153210,308,
DE-BB,Bronkow,BRONKOW,152159,198,
DE-BB,Eisenhüttenstadt,EISENHUETTENSTADT,152282,250,
DE-BB,Stölln/Rhinow,STOELLN/RHINOW,153091,150,
DE-BB,Holzdorf,HOLZDORF,152508,328,
DE-BB,Pritzwalk-Sommersberg,PRITZWALK-SOMMERSBERG,152932,475,
DE-BB,Neuruppin,NEURUPPIN,152811,82,
DE-BB,Schwarzheide/Schipkau,SCHWARZHEIDE/SCHIPKAU,153022,132,
DE-BB,Eggersdorf,EGGERSDORF,152276,136,
DE-BB,Finsterwalde-Heinrichsruh,FINSTERWALDE/HEINRICHSRUH,152326,101,
DE-BB,Kammermark,KAMMERMARK,152574,90,
DE-BB,Kyritz,KYRITZ,152614,54,
DE-BB,Strausberg,STRAUSBERG,153086,71,
DE-BB,Oehna-Zellendorf,OEHNA,152862,87,
DE-BB,Neuhausen,NEUHAUSEN,152803,1,
DE-BB,Friedersdorf,FRIEDERSDORF,152344,51,
DE-BB,Stechow-Ferchesar,STECHOW-FERCHESAR,153075,1,
DE-BB,Locktow,LOCKTOW,152677,16,
DE-BB,Schönhagen,SCHOENHAGEN,153039,23,
DE-BB,Perleberg,PERLEBERG,152909,33,
DE-BB,Bienenfarm,BIENENFARM,152116,4,
DE-BB,Finsterwalde-Schacksdorf,FINSTERWALDE/SCHACKSDORF,152327,0,
DE-BB,Cottbus-Drewitz,COTTBUS-DREWITZ,152211,0,
DE-BB,Saarmund,SAARMUND,152996,0,
DE-BB,Eberswalde-Finow,EBERSWALDE-FINOW,152274,1,
DE-BB,Falkenberg-Lönnewitz,FALKENBERG-LOENNEWITZ,152323,0,
DE-BB,Neubrandenburg M,NEUBRANDENBURG,152797,0,
DE-BB,Spremberg Welzow,WELZOW,153066,0,
DE-BB,Fehrbellin,FEHRBELLIN,152988,0,
DE-BB,Schlierstadt-Seligenberg,SCHLIERSTADT-SELIGENBERG,153012,0,
DE-BB,Segeletz,SEGELETZ,153042,0,
DE-BB,Altes Lager,ALTES LAGER,152002,0,
DE-BB,Kremmen-Hohenbruch,KREMMEN-HOHENBRUCH,152609,1,
DE-BW,Aalen-Elchingen,AALEN-HEIDENHEIM/ELCHINGEN,151977,913,
DE-BW,Hahnweide,HAHNWEIDE,152441,562,
DE-BW,Klippeneck,KLIPPENECK,152598,624,
DE-BW,Winzeln-Schramberg,WINZELN-SCHRAMBERG,153203,360,
DE-BW,Hütten-Hotzenwald,HUETTEN-HOTZENWALD,152538,297,
DE-BW,Grabenstetten,GRABENSTETTEN,152388,173,
DE-BW,Farrenberg,FARRENBERG,152324,121,
DE-BW,Erbach,ERBACH,152296,103,
DE-BW,Leibertingen,LEIBERTINGEN,152656,178,
DE-BW,Rheinstetten,RHEINSTETTEN,152961,190,
DE-BW,Hockenheim,HOCKENHEIM,152499,97,
DE-BW,Blaubeuren,BLAUBEUREN,152121,134,
DE-BW,Musbach,MUSBACH,152754,142,
DE-BW,Hornberg,HORNBERG,152512,147,
DE-BW,Dettingen Teck,TECK,378796,148,
DE-BW,Walldürn,WALLDUERN,153166,160,
DE-BW,Mannheim City,MANNHEIM CITY,152716,162,
DE-BW,Übersberg,UEBERSBERG,153244,137,
DE-BW,Bartholomä,BARTHOLOMAE-AMALIENHOF,152086,195,
DE-BW,Laichingen,LAICHINGEN,152633,173,
DE-BW,Offenburg-Baden,OFFENBURG,152869,147,
DE-BW,Gerstetten,GERSTETTEN,152377,123,
DE-BW,Mengen-Hohenteng,MENGEN-HOHENTENGEN,152732,59,
DE-BW,Schwäbisch Hall,SCHWAEBISCH HALL,153033,131,
DE-BW,Deckenpfronn,DECKENPFRONN,152263,87,
DE-BW,Esslingen-Jägerhaus,ESSLINGEN-JAEGERHAUS,152312,96,
DE-BW,Baumerlenbach,BAUMERLENBACH,189750,59,
DE-BW,Möckmühl-Korb,MOECKMUEHL-KORB,189794,167,
DE-BW,Albstadt-Degerfeld,ALBSTADT-DEGERFELD,151989,146,
DE-BW,Weinheim,WEINHEIM/BERGSTRASSE,153180,69,
DE-BW,Sinsheim,SINSHEIM,153059,109,
DE-BW,Hilzingen,HILZINGEN,152496,114,
DE-BW,Neresheim,NERESHEIM,152793,119,
DE-BW,Reiselfingen,REISELFINGEN,152950,121,
DE-BW,Biberach Riss,BIBERACH A.D.RISS,152112,62,
DE-BW,Hayingen,HAYINGEN,152469,145,
DE-BW,Malsch,MALSCH,152713,77,
DE-BW,Baden-Oos,BADEN-OOS,152074,86,
DE-BW,Hangensteinerhof,HANGENSTEINERHOF,152459,68,
DE-BW,Freiburg,FREIBURG I.BR.,152340,35,
DE-BW,Völkleshofen,VOELKLESHOFEN,153161,71,
DE-BW,Bruchsal,BRUCHSAL,152162,63,
DE-BW,Donzdorf,DONZDORF,152250,75,
DE-BW,Weipertshofen,WEIPERTSHOFEN,153182,32,
DE-BW,Pattonville,PATTONVILLE,152901,99,
DE-BW,Gruibingen-Nortel,GRUIBINGEN-NORTEL,152408,43,
DE-BW,Donaueschingen,DONAUESCHINGEN-VILLINGEN,152247,65,
DE-BW,Wächtersberg-Hub,WAECHTERSBERG-HUB,190368,40,
DE-BW,Löchgau,LOECHGAU,189792,63,
DE-BW,Schreckhof Mosbach,SCHRECKHOF,153098,45,
DE-BW,Herrenteich,HERRENTEICH,152483,65,
DE-BW,Malmsheim,MALMSHEIM,152712,82,
DE-BW,Oppingen-Au,OPPINGEN-AU,152876,73,
DE-BW,Altdorf-Wallburg,ALTDORF-WALLBURG,151996,50,
DE-BW,Eutingen,EUTINGEN,152316,61,
DE-BW,Walldorf,WALLDORF,153165,41,
DE-BW,Isny-Rotmoos,ISNY-ROTMOOS,189783,48,
DE-BW,Berneck,BERNECK,189752,38,
DE-BW,Poltringen,POLTRINGEN,152927,61,
DE-BW,Münsingen-Eisberg,MUENSINGEN-EISBERG,152780,22,
DE-BW,Pleidelsheim,PLEIDELSHEIM,189802,13,
DE-BW,Linkenheim,LINKENHEIM,152675,15,
DE-BW,Tannheim,TANNHEIM,153109,26,
DE-BW,Bremgarten,BREMGARTEN,152155,28,
DE-BW,Blumberg,BLUMBERG,152124,23,
DE-BW,Kirchzarten,KIRCHZARTEN,189787,21,
DE-BW,Radolfzell-Stahringen,RADOLFZELL-STAHRINGEN,152939,32,
DE-BW,Müllheim,MUELLHEIM,152772,11,
DE-BW,Heiligenberg,HEILIGENBERG,152474,14,
DE-BW,Markdorf,MARKDORF,152718,50,
DE-BW,Rossfeld,ROSSFELD,189805,49,
DE-BW,Backnang-Heiningen,BACKNANG-HEININGEN,152040,24,
DE-BW,Bohlhof,BOHLHOF,152129,27,
DE-BW,Giengen/Brenz,GIENGEN/BRENZ,152379,21,
DE-BW,Ellwangen,ELLWANGEN,152285,37,
DE-BW,Tauberbischofsheim,TAUBERBISCHOFSHEIM,153111,27,
DE-BW,Schwann-Connweiler,SCHWANN-CONWEILER,153100,10,
DE-BW,Mittelfischach,MITTELFISCHACH,152742,25,
DE-BW,Vaihingen,VAIHINGEN,191070,11,
DE-BW,Welzheim,WELZHEIM,153185,26,
DE-BW,Heubach,HEUBACH,152491,7,
DE-BW,Kehl-Sundheim,KEHL-SUNDHEIM,152585,35,
DE-BW,Haiterbach-Nagold,HAITERBACH-NAGOLD,152443,8,
DE-BW,Bad Waldsee-Reute,BAD WALDSEE-REUTE,152068,14,
DE-BW,Schlechtenfeld,EHINGEN-SCHLECHTENFELD,153008,11,
DE-BW,Degmarn,DEGMARN,189756,19,
DE-BW,Laupheim,LAUPHEIM,152649,10,
DE-BW,Mülben,MUELBEN,152771,31,
DE-BW,Friedrichshafen,FRIEDRICHSHAFEN,152346,6,
DE-BW,Saulgau,SAULGAU,153004,49,
DE-BW,Leuzendorf,LEUZENDORF,189791,2,
DE-BW,Neuhausen Ob Eck,NEUHAUSEN OB ECK,152804,6,
DE-BW,Konstanz,KONSTANZ,152603,8,
DE-BW,Ingelfingen-Bühlhof,INGELFINGEN-BUEHLHOF,152547,7,
DE-BW,Hülben,HUELBEN,152535,7,
DE-BW,Rothenberg,ROTHENBERG/ODW.,152980,12,
DE-BW,Heilbronn-Böckingen,HEILBRONN-BOECKINGEN,152473,1,
DE-BW,Binningen,BINNINGEN,152118,2,
DE-BW,Wallmusried,KISSLEGG,153222,3,
DE-BW,Riedlingen,RIEDLINGEN,152963,4,
DE-BW,Niederstetten,NIEDERSTETTEN,152821,1,
DE-BW,Schäfhalde,SCHAEFHALDE,189807,2,
DE-BW,Bopfingen,BOPFINGEN,152133,1,
DE-BW,Nabern Teck,NABERN/TECK,152786,7,
DE-BW,Rastatt-Baldenau,RASTATT-BALDENAU,152075,1,
DE-BW,Bad Ditzenbach G,BAD DITZENBACH,152045,2,
DE-BW,Mosbach-Lohrbach,MOSBACH-LOHRBACH,152750,2,
DE-BW,Hermuthausen,HERMUTHAUSEN,189776,1,
DE-BW,Rottweil-Zepfenhain,ROTTWEIL-ZEPFENHAN,152985,0,
DE-BW,Schwenningen,SCHWENNINGEN AM NECKAR,153029,1,
DE-BW,Leutkirch-Unterzeil,LEUTKIRCH-UNTERZEIL,152671,0,
DE-BW,Unterschüpf,UNTERSCHUEPF,153142,0,
DE-BW,Coleman,COLEMAN,152208,0,
DE-BW,Pfullendorf,PFULLENDORF,152916,0,
DE-BW,Herten-Rheinfelden,HERTEN-RHEINFELDEN,152485,0,
DE-BW,Ohlsbach,OHLSBACH,152871,1,
DE-BW,Schwäbisch Hall-Weckrieden,SCHWAEBISCH HALL-WECKRIEDEN,153035,2,
DE-BW,Unterschneidheim," UNTERSCHNEIDHEIM-WALXHEIM",153140,2,
DE-BY,Unterwössen,UNTERWOESSEN,189813,780,
DE-BY,Königsdorf,KOENIGSDORF,152626,604,
DE-BY,Bayreuth,BAYREUTH,152092,422,
DE-BY,Burg Feuerstein,BURG FEUERSTEIN,152168,477,
DE-BY,Ohlstadt-Pömetsried,OHLSTADT-POEMETSRIED,187147,348,
DE-BY,Schwandorf,SCHWANDORF,153021,370,
DE-BY,Stillberghof,STILLBERGHOF,153080,179,
DE-BY,Beilngries,BEILNGRIES,152093,233,
DE-BY,Antersberg,ANTERSBERG,152035,149,
DE-BY,Bamberg-Breitenau,BAMBERG,152080,197,
DE-BY,Bad Neustadt,BAD NEUSTADT/SAALE-GRASBERG,152061,212,
DE-BY,Geratshof,GERATSHOF,152375,229,
DE-BY,Schweinfurt-Süd,SCHWEINFURT-SUED,153027,292,
DE-BY,Erbendorf Schweißlohe,ERBENDORF-SCHWEISSLOHE,152298,167,
DE-BY,Füssen,FUESSEN,152362,103,
DE-BY,Eichstätt,EICHSTAETT,152278,149,
DE-BY,Saal Kreuzberg,AM KREUZBERG,152007,177,
DE-BY,Kirchdorf Inn,KIRCHDORF/INN,152591,103,
DE-BY,Hersbruck,HERSBRUCK,152484,158,
DE-BY,Augsburg,AUGSBURG,152030,97,
DE-BY,Lichtenfels,LICHTENFELS,152673,176,
DE-BY,Giebelstadt,GIEBELSTADT,152378,100,
DE-BY,Seckendorf,FUERTH-SECKENDORF,152361,95,
DE-BY,Oberhinkofen,OBERHINKOFEN,152851,99,
DE-BY,Altdorf Hagenhausen,ALTDORF-HAGENHAUSEN,151995,111,
DE-BY,Cham-Janahof,CHAM-JANAHOF,152202,116,
DE-BY,Bad Wörishofen,BAD WOERISHOFEN,152070,67,
DE-BY,Ansbach-Petersdorf,ANSBACH-PETERSDORF,152014,94,
DE-BY,Schwabach-Büchenbach,SCHWABACH-BUECHENBACH,153018,64,
DE-BY,Paterzell,PATERZELL,152900,105,
DE-BY,Amberg Rammertshof,AMBERG,152009,124,
DE-BY,Wülzburg,WUELZBURG,153229,75,
DE-BY,Hetzleser Berg,HETZLESER BERG,152490,69,
DE-BY,Arnbruck,ARNBRUCK,152016,109,
DE-BY,Moosburg a. d. Kippe,MOOSBURG AUF DER KIPPE,152746,89,
DE-BY,Gammelsdorf,GAMMELSDORF,152363,70,
DE-BY,Lechfeld,LECHFELD,152653,78,
DE-BY,Kempten-Durach,KEMPTEN-DURACH,152587,86,
DE-BY,Dachau-Gröbenried,DACHAU-GROEBENRIED,152218,63,
DE-BY,Aschaffenburg,ASCHAFFENBURG,152020,84,
DE-BY,Weiden Oberpfalz,WEIDEN/OPF.,153176,167,
DE-BY,Kronach Kreuzberg,KRONACH,152610,69,
DE-BY,Ottengrüner Heide,OTTENGRUENER HEIDE,152884,66,
DE-BY,Ingolstadt Manching,INGOLSTADT/MANCHING,152550,44,
DE-BY,Agathazell,AGATHAZELL,151981,56,
DE-BY,Bischofsberg,BISCHOFSBERG,152119,6,
DE-BY,Rothenburg/Tauber,ROTHENBURG O.D.T.,152981,75,
DE-BY,Kulmbach,KULMBACH,152611,64,
DE-BY,Lauf-Lillinghof,LAUF-LILLINGHOF,152647,87,
DE-BY,Deggendorf,DEGGENDORF,152226,57,
DE-BY,Geitau,GEITAU,189767,36,
DE-BY,Schwabmünchen,SCHWABMUENCHEN,153019,58,
DE-BY,Irsingen,IRSINGEN,152553,62,
DE-BY,Ingolstadt-Etting,INGOLSTADT-ETTING,152549,80,
DE-BY,Altfeld,ALTFELD,152003,41,
DE-BY,Lager Hammelburg,LAGER HAMMELBURG,152631,66,
DE-BY,Treuchtlingen-Bubenheim,TREUCHTLINGEN-BUBENHEIM,153122,36,
DE-BY,Altötting,ALTOETTING,152006,33,
DE-BY,Dobenreuth,DOBENREUTH,152244,53,
DE-BY,Oberschleissheim,OBERSCHLEISSHEIM,152856,80,
DE-BY,Büchig,BUECHIG,152193,57,
DE-BY,Pfarrkirchen,PFARRKIRCHEN,152912,45,
DE-BY,Straubing-Wallmühle,STRAUBING,153084,81,
DE-BY,Würzburg-Schenkenturm,WUERZBURG-SCHENKENTURM,153232,44,
DE-BY,Mühldorf,MUEHLDORF,152768,57,
DE-BY,Coburg-Steinrücken,COBURG-STEINRUECKEN,152206,25,
DE-BY,Weißenhorn,WEISSENHORN,153184,46,
DE-BY,Hienheim,HIENHEIM,152492,80,
DE-BY,Benediktbeuren,BENEDIKTBEUERN,189751,52,
DE-BY,Ottenberg,OTTENBERG,190365,16,
DE-BY,Coburg-Brandensteinsebene,COBURG-BRANDENSTEINSEBENE,152205,56,
DE-BY,Karlstadt-Saupurzel,KARLSTADT-SAUPURZEL,152581,40,
DE-BY,Dingolfing,DINGOLFING,152238,40,
DE-BY,Tröstau,TROESTAU,153127,38,
DE-BY,Landshut Ellermühle,LANDSHUT,152638,28,
DE-BY,Gunzenhausen-Reutberg,GUNZENHAUSEN-REUTBERG,152413,26,
DE-BY,Bad Königshofen,AM HIMMELREICH,152056,73,
DE-BY,Aichach,AICHACH,152033,37,
DE-BY,Zell-Haidberg,ZELL-HAIDBERG,153233,1,
DE-BY,Donauwörth,DONAUWOERTH-GENDERKINGEN,152249,34,
DE-BY,Kitzingen,KITZINGEN,189822,118,
DE-BY,Friesener Warte,FRIESENER WARTE,152347,25,
DE-BY,Oberpfaffenhofen,OBERPFAFFENHOFEN,152853,11,
DE-BY,Gundelfingen,GUNDELFINGEN,152412,22,
DE-BY,Vilshofen,VILSHOFEN,153155,19,
DE-BY,Thannhausen,THANNHAUSEN,153117,21,
DE-BY,Tirschenreuth,TIRSCHENREUTH IM UNTEREN STADTTEICH,152544,18,
DE-BY,Altenbachtal,ALTENBACHTAL,151999,19,
DE-BY,Memmingen,MEMMINGEN,152730,14,
DE-BY,Wildberg Bodensee,WILDBERG/LINDAU,281098,11,
DE-BY,Bad Kissingen,BAD KISSINGEN,152053,21,
DE-BY,Kaufbeuren,KAUFBEUREN,189785,4,
DE-BY,Brannenburg,BRANNENBURG-GRIESSENBACH,196575,8,
DE-BY,Neustadt/Aisch,NEUSTADT/AISCH,152814,29,
DE-BY,Illertissen,ILLERTISSEN,152542,11,
DE-BY,Landsberg/Lech,LANDSBERG/LECH,152636,0,
DE-BY,Vogtareuth,VOGTAREUTH,153156,1,
DE-BY,Fürstenzell,FUERSTENZELL,152360,0,
DE-BY,Greding,GREDING,152393,12,
DE-BY,Bad Brückenau,BAD BRUECKENAU-OBERLEICHTERSBACH,152177,3,
DE-BY,Neuburg,NEUBURG,152798,8,
DE-BY,Bad Windsheim,BAD WINDSHEIM,152069,17,
DE-BY,Hallertau,HALLERTAU,152449,8,
DE-BY,Dinkelsbühl,DINKELSBüHL,991365,0,
DE-BY,Grabenstätt,GRABENSTAETT,189819,17,
DE-BY,Mainbullau,MAINBULLAU,152708,0,
DE-BY,Jesenwang,JESENWANG,152566,5,
DE-BY,Günzburg-Donauried,GUENZBURG-DONAURIED,152433,2,
DE-BY,Vilsbiburg,VILSBIBURG,153153,0,
DE-BY,Nittenau-Bruck,NITTENAU-BRUCK,152825,0,
DE-BY,Pegnitz-Zipser Berg,PEGNITZ-ZIPSER BERG,152904,1,
DE-BY,Fürstenfeldbruck,FÜRSTENFELDBRUCK,152358,0,
DE-BY,Bad Endorf,BAD ENDORF/JOLLING,152048,1,
DE-BY,Eggenfelden,EGGENFELDEN,152275,0,
DE-BY,Hof-Plauen,HOF-PLAUEN,152501,8,
DE-BY,Neuburg-Egweil,NEUBURG-EGWEIL,152799,0,
DE-BY,Hassfurt,HASSFURT-SCHWEINFURT,152468,0,
DE-BY,Fichtelbrunn,FICHTELBRUNN,189762,2,
DE-BY,Neumarkt-Oberpfalz,NEUMARKT/OPF.,152807,0,
DE-BY,Regensburg-Oberhub,REGENSBURG-OBERHUB,152946,0,
DE-BY,Nördlingen,NOERDLINGEN,152845,0,
DE-BY,Warngau,WARNGAU,153173,1,
DE-BY,Greiling,GREILING,152423,0,
DE-BY,Roth,ROTH,152979,0,
DE-BY,Ebern-Sendelbach,EBERN-SENDELBACH,152271,0,
DE-BY,Speichersdorf,ROSENTHAL-FIELD-PLOESSEN,152973,0,
DE-BY,Sonnen,SONNEN,153062,0,
DE-BY,Thalmässing-Waizenhofen,THALMAESSING-WAIZENHOFEN,153116,1,
DE-BY,Ampfing-Waldkraiburg,AMPFING-WALDKRAIBURG,152011,0,
DE-BY,Herzogenaurach,HERZOGENAURACH,1496209,1,
DE-BY,Mindelheim-Mattsies,MINDELHEIM-MATTSIES,152740,0,
DE-BY,Ochsenfurt,OCHSENFURT,819806,1,
DE-BY,Burgheim,BURGHEIM,152171,0,
DE-BY,Griesau,GRIESAU,152398,0,
DE-BY,Hettstadt,HETTSTADT,152489,0,
DE-BY,Schmidgaden,SCHMIDGADEN,153014,0,
DE-BY,Burgebrach,BURGEBRACH,152170,1,
DE-BY,Ippesheim,IPPESHEIM,152552,1,
DE-BY,Erpetshof,ERPETSHOF,191861,1,
DE-BY,Antdorf,ANTDORF,191896,1,
DE-BY,Pilsach auf der Heid,PILSACH AUF DER HEID,473286,1,
DE-HB,Bremen,BREMEN,152152,1,
DE-HE,Anspach-Taunus,ANSPACH/TAUNUS,152015,327,
DE-HE,Wasserkuppe,WASSERKUPPE,153175,241,
DE-HE,Bensheim,BENSHEIMER STADTWIESEN,152096,185,
DE-HE,Ober-Mörlen,OBER-MOERLEN,152849,158,
DE-HE,Der Ring Schwalm,DER RING IN SCHWALMSTADT,152229,181,
DE-HE,Reinheim,REINHEIM,152948,184,
DE-HE,Heppenheim,HEPPENHEIM,152480,157,
DE-HE,Der Dingel,DER DINGEL,195019,86,
DE-HE,Vielbrunn,VIELBRUNN,153151,98,
DE-HE,Garbenheimer Wiesen,GARBENHEIMER WIESEN,189766,242,
DE-HE,Homberg/Ohm,HOMBERG/OHM II,152510,58,
DE-HE,Gießen-Wieseck,GIEßEN WIESECK,152380,81,
DE-HE,Hirzenhain,HIRZENHAIN,152498,199,
DE-HE,Elz,ELZ,152288,138,
DE-HE,Zierenberg Dörnberg,ZIERENBERG A.D. DÖRNBERG,153237,96,
DE-HE,Gelnhausen,GELNHAUSEN,152372,123,
DE-HE,Bottenhorn,BOTTENHORN,152139,91,
DE-HE,Babenhausen,BABENHAUSEN,152039,0,
DE-HE,Riedelbach,RIEDELBACH/TS.,152962,89,
DE-HE,Marburg-Schönstadt,MARBURG-SCHOENSTADT,152717,57,
DE-HE,Dornberg-Sontra,DORNBERG BEI SONTRA,152252,20,
DE-HE,Huhnrain,HUHNRAIN BEI POPPENHAUSEN,152516,59,
DE-HE,Breitscheid,BREITSCHEID,152149,54,
DE-HE,Witzenhausen-Burgberg,BURGBERG BEI WITZENHAUSEN,152169,46,
DE-HE,Pohlheim Viehheide,POHLHEIM VIEHHEIDE,152926,55,
DE-HE,Langenselbold,LANGENSELBOLD,152642,52,
DE-HE,Johannisau,JOHANNISAU,189784,53,
DE-HE,Zellhausen,ZELLHAUSEN,153234,39,
DE-HE,Gießen-Lützellinden,GIESSEN-LUETZELLINDEN,152381,43,
DE-HE,Amöneburg,AMÖNEBURG,152012,24,
DE-HE,Nidda a.d. Helmsberg,NIDDA/A.D.HELMSBERG,152818,46,
DE-HE,Hörbach,HOERBACH,189779,42,
DE-HE,Stauffenbühl,STAUFFENBUEHL,153074,31,
DE-HE,Hessisch Lichtenau,HESSISCH LICHTENAU,152488,37,
DE-HE,Dehausen,DEHAUSEN,152265,16,
DE-HE,Allendorf/Eder,ALLENDORF/EDER,151992,23,
DE-HE,Pfingstweide,BUTZBACH-PFINGSTWEIDE,152174,9,
DE-HE,Michelbach,MICHELBACH,152738,7,
DE-HE,Gedern,GEDERN,152368,42,
DE-HE,Mosenberg,MOSENBERG,152751,13,
DE-HE,Waldeck,MUEHLBERG/WALDECK,152767,30,
DE-HE,Edermünde-Grifte,GRIFTE,152399,24,
DE-HE,Plätzer,DER PLAETZER,152228,31,
DE-HE,Wolfhagen,WOLFHAGEN GRANER BERG,153213,20,
DE-HE,Korbach,KORBACH,152606,10,
DE-HE,Bad Wildungen,AUF DER SCHAUFEL/BAD WILDUNGEN,152028,29,
DE-HE,Braunfels,BRAUNFELS,152144,10,
DE-HE,Eibinger Forstwiesen,EIBINGER FORSTWIESEN,152277,6,
DE-HE,Gießen-Reiskirchen,GIESSEN-REISKIRCHEN,152382,5,
DE-HE,Hoherodskopf,HOHERODSKOPF,152505,23,
DE-HE,Schotten,SCHOTTEN,153017,0,
DE-HE,Laufenselden,LAUFENSELDEN,152648,0,
DE-HE,Asslarer Hütte,ASSLARER HUETTE,152023,1,
DE-HE,Michelstadt,MICHELSTADT/ODW.,152739,1,
DE-HE,Kassel-Calden,KASSEL-CALDEN,152584,0,
DE-HE,Lauterbach,LAUTERBACH,152652,0,
DE-HE,Oberems,OBEREMS,189799,0,
DE-HE,Alsfeld,ALSFELD,151994,0,
DE-HE,Egelsbach,FRANKFURT-EGELSBACH,152334,0,
DE-HE,Frankfurt,FRANKFURT MAIN,152331,0,
DE-HE,Langenberg,LANGENBERG,152639,0,
DE-HE,Mengeringhausen,MENGERINGHAUSEN,152733,0,
DE-HE,Fulda-Jossa,FULDA-JOSSA,152350,0,
DE-HE,Hölleberg,HOELLEBERG,152531,0,
DE-HE,Reichelsheim,REICHELSHEIM,152947,0,
DE-HE,Fritzlar,FRITZLAR,152348,1,
DE-HE,Hirzenhain-Nordwesthang,HIRZENHAIN-NORDWESTHANG,152527,0,
DE-HH,Boberg,BOBERG,190345,393,
DE-HH,Fischbek,FISCHBEK,189763,7,
DE-MV,Neustadt-Glewe,NEUSTADT-GLEWE,152813,270,
DE-MV,Pasewalk,PASEWALK,152898,120,
DE-MV,Waren/Vielist,WAREN/VIELIST,153171,92,
DE-MV,Anklam,ANKLAM,152013,112,
DE-MV,Güstrow,GUESTROW,152435,66,
DE-MV,Purkshof,PURKSHOF,152934,61,
DE-MV,Pinnow,PINNOW,152917,33,
DE-MV,Neu Gülze,NEU GUELZE,152795,39,
DE-MV,Schmoldow,SCHMOLDOW,153015,20,
DE-MV,Müritz Airpark,MUERITZ AIRPARK,152942,1,
DE-MV,Rügen,RUEGEN,152992,0,
DE-MV,Heringsdorf,HERINGSDORF,152482,0,
DE-MV,Peenemünde,PEENEMUENDE,152903,1,
DE-MV,Stralsund,STRALSUND,153082,0,
DE-MV,Wismar,WISMAR,153206,1,
DE-MV,Rostock-Laage,LAAGE,152629,0,
DE-MV,Roggenhagen,ROGGENHAGEN,152970,0,
DE-MV,Stralsund-Barth,BARTH,152085,1,
DE-NI,Großes Moor,GROSSES MOOR,152404,269,
DE-NI,Wilsche,WILSCHE,153202,317,
DE-NI,Scheuen,SCHEUEN,153006,196,
DE-NI,Braunschweig,BRAUNSCHWEIG-WOLFSBURG,152146,230,
DE-NI,Aue Bei Hattorf,AUE,152025,181,
DE-NI,Rinteln,RINTELN,152968,214,
DE-NI,Rotenburg/Wümme,ROTENBURG-WUEMME,152978,63,
DE-NI,Große Höhe,GROSSE HOEHE,152402,139,
DE-NI,Achmer,ACHMER,151979,441,
DE-NI,Nordhorn-Lingen,NORDHORN-LINGEN,152834,135,
DE-NI,Tarmstedt,TARMSTEDT,153110,114,
DE-NI,Höpen,HOEPEN,189778,148,
DE-NI,Oppershausen,OPPERSHAUSEN,152875,210,
DE-NI,Bückeburg-Weinberg,BUECKEBURG-WEINBERG,152195,236,
DE-NI,Hodenhagen,HODENHAGEN,152500,106,
DE-NI,Ithwiesen,ITHWIESEN,152556,78,
DE-NI,Hoya,HOYA,152513,109,
DE-NI,Berliner Heide,BERLINER HEIDE,152216,152,
DE-NI,Bisperode-West,BISPERODE-WEST,152186,132,
DE-NI,Ummern,UMMERN,153146,99,
DE-NI,Stüde-Bernsteinsee,STUEDE-BERNSTEINSEE,189810,201,
DE-NI,Hellingst,HELLINGST,152353,105,
DE-NI,Melle-Grönegau,MELLE-GROENEGAU,152727,97,
DE-NI,Hellenhagen,HELLENHAGEN,189775,149,
DE-NI,Stade,STADE,153072,98,
DE-NI,Bohlenbergerfeld,BOHLENBERGERFELD,152128,69,
DE-NI,Lüneburg,LUENEBURG,152700,87,
DE-NI,Bad Gandersheim,BAD GANDERSHEIM,152050,54,
DE-NI,Varrelbusch,VARRELBUSCH,153148,63,
DE-NI,Bad Zwischenahn,BAD ZWISCHENAHN-ROSTRUP,152073,35,
DE-NI,Lüchow-Rehbeck,LUECHOW-REHBECK,152698,23,
DE-NI,Quakenbrück,QUAKENBRUECK,152937,37,
DE-NI,Verden-Scharnhorst,VERDEN-SCHARNHORST,153149,53,
DE-NI,Rote Wiese Helmstedt,ROTE WIESE-HELMSTEDT,152977,19,
DE-NI,Uelzen,UELZEN,153136,29,
DE-NI,Hildesheim,HILDESHEIM,152494,50,
DE-NI,Steinberg Surwold,STEINBERG BEI SURWOLD,204592,28,
DE-NI,Steinberg-Wesseln,STEINBERG-WESSELN,226421,20,
DE-NI,Große Wiese,GROSSE WIESE,189770,43,
DE-NI,Bad Pyrmont,HAMELN-PYRMONT,152455,32,
DE-NI,Holtorfsloh,HOLTORFSLOH,152507,84,
DE-NI,Peine-Glindbruchkippe,PEINE-GLINDBRUCHKIPPE,152906,35,
DE-NI,Uslar,USLAR,153145,14,
DE-NI,Ahlhorn,AHLHORN,151984,0,
DE-NI,Salzgitter-Schäferstuhl,SALZGITTER-SCHAEFERSTUHL,152999,21,
DE-NI,Wenzendorf,WENZENDORF,153224,22,
DE-NI,Celle-Arloh,CELLE-ARLOH,152201,17,
DE-NI,Sultmer Berg,SULTMERBERG,153094,5,
DE-NI,Bohmte-Bad Essen,BOHMTE-BAD ESSEN,152130,58,
DE-NI,Alte Ems,ALTE EMS BEI HERBRUM,151997,26,
DE-NI,Northeim,NORTHEIM,152836,24,
DE-NI,Nordholz Spieka,NORDHOLZ-SPIEKA,152833,19,
DE-NI,Goslar Bollrich,BOLLRICH,152187,19,
DE-NI,Osterholz Scharmbeck,OSTERHOLZ-SCHARMBECK,152883,15,
DE-NI,Wittmundhafen,WITTMUNDHAFEN,153209,12,
DE-NI,Blexen,Blexen,152122,3,
DE-NI,Brockzetel,BROCKZETEL,152157,5,
DE-NI,Eichsfeld,EICHSFELD,193439,15,
DE-NI,Weper,WEPER,153186,4,
DE-NI,Am Salzgittersee,AM SALZGITTERSEE,152008,1,
DE-NI,Walsrode-Luisenhöhe,WALSRODE-LUISENHOEHE,153167,16,
DE-NI,Wunstorf Mil,WUNSTORF,153217,0,
DE-NI,Westerstede-Felde,WESTERSTEDE-FELDE,153195,5,
DE-NI,Ganderkesee,GANDERKESEE ATLAS AIRFIELD,152364,0,
DE-NI,Juist,JUIST,152568,0,
DE-NI,Damme,DAMME,152220,0,
DE-NI,Lauenbrück,LAUENBRUECK,152646,0,
DE-NI,Osnabrück-Atterheide,OSNABRUECK-ATTERHEIDE,152882,0,
DE-NI,Seedorf,SEEDORF,153041,0,
DE-NI,An den Sieben Bergen,AN DEN SIEBEN BERGEN,190363,1,
DE-NI,Borkum,BORKUM,152137,0,
DE-NI,Fassberg,FASSBERG,152325,0,
DE-NI,Helgoland-Düne,HELGOLAND-DUENE,152476,0,
DE-NI,Langeoog,LANGEOOG,152643,0,
DE-NI,Wangerooge,WANGEROOGE,153169,0,
DE-NI,Achterstedt,ACHTERSTEDT,152032,0,
DE-NI,Bückeburg,BÜCKEBURG,152194,0,
DE-NI,Hannover,HANNOVER,152464,0,
DE-NI,Kührstedt-Bederkesa,KUEHRSTEDT-BEDERKESA,152628,0,
DE-NI,Leer-Papenburg,LEER-PAPENBURG,152655,0,
DE-NI,Norden-Norddeich,NORDEN-NORDDEICH,152828,0,
DE-NI,Norderney,NORDERNEY,152829,0,
DE-NI,Salzgitter-Drütte,SALZGITTER-DRUETTE,152998,0,
DE-NW,Oerlinghausen,OERLINGHAUSEN,152865,609,
DE-NW,Porta Westfalica,PORTA WESTFALICA,152928,408,
DE-NW,Borkenberge,BORKENBERGE,152136,272,
DE-NW,Leverkusen,LEVERKUSEN,152672,224,
DE-NW,Aachen-Merzbrück,AACHEN-MERZBRUECK,151975,294,
DE-NW,Langenfeld-Wiescheid,LANGENFELD-WIESCHEID,152640,251,
DE-NW,Radevormwald-Leye,RADEVORMWALD-LEYE,152938,170,
DE-NW,Bonn-Hangelar,BONN-HANGELAR,152131,144,
DE-NW,Dahlemer Binz,DAHLEMER BINZ,152219,214,
DE-NW,Dorsten am Kanal,DORSTEN AM KANAL,152267,125,
DE-NW,Grefrath-Niershorst,GREFRATH-NIERSHORST,152394,131,
DE-NW,Stadtlohn-Vreden,STADTLOHN-VREDEN,153073,143,
DE-NW,Krefeld-Egelsberg,KREFELD-EGELSBERG,152608,217,
DE-NW,Bergheim,BERGHEIM/ERFTKREIS,152185,168,
DE-NW,Borken-Hoxfeld,BORKEN-HOXFELD,152135,150,
DE-NW,Dinslaken,DINSLAKEN/SCHWARZE HEIDE,152241,150,
DE-NW,Bergneustadt,BERGNEUSTADT/AUF DEM DUEMPEL,152101,128,
DE-NW,Goch-Asperden,GOCH-ASPERDEN,152383,91,
DE-NW,Meiersberg,MEIERSBERG,152724,63,
DE-NW,Oeventrop-Ruhrwiesen,OEVENTROP-RUHRWIESEN,152866,79,
DE-NW,Münster Osnabrück,MUENSTER/OSNABRUECK,152783,79,
DE-NW,Menden-Barge,MENDEN-BARGE,191138,96,
DE-NW,Werdohl Küntrop,WERDOHL-KUENTROP,153187,65,
DE-NW,Lünen-Lippeweiden,LUENEN-LIPPEWEIDEN,189793,102,
DE-NW,Iserlohn Sümmern,ISERLOHN-SUEMMERN,189782,92,
DE-NW,Soest/Bad Sassendorf,SOEST/BAD SASSENDORF,153060,26,
DE-NW,Attendorn-Finnentrop,ATTENDORN-FINNENTROP,152024,46,
DE-NW,Büren Schwalenberg,BUEREN / AM SCHWALENBERG,189755,66,
DE-NW,Altena-Hegenscheid,ALTENA-HEGENSCHEID,151998,116,
DE-NW,Iserlohn-Rheinermark,ISERLOHN-RHEINERMARK,152554,37,
DE-NW,Meschede-Schüren,MESCHEDE-SCHUEREN,152736,23,
DE-NW,Wanlo-Niersquell,MOENCHENGLADBACH-WANLO,152784,20,
DE-NW,Paderborn-Haxterberg,PADERBORN-HAXTERBERG,152893,68,
DE-NW,Wipperfürth-Neye,WIPPERFUERTH-NEYE,153204,45,
DE-NW,Wesel-Römerwardt,WESEL-ROEMERWARDT,153191,35,
DE-NW,Hamm-Lippewiesen,HAMM-LIPPEWIESEN,152457,21,
DE-NW,Eudenbach,EUDENBACH,152314,46,
DE-NW,Brilon,BRILON/HOCHSAUERLAND,152156,79,
DE-NW,Borghorst-Füchten,BORGHORST-FUECHTEN,152134,29,
DE-NW,Plettenberg-Hüinghausen,PLETTENBERG-HUEINGHAUSEN,152924,21,
DE-NW,Vinsebeck-Frankenberg,VINSEBECK-FRANKENBERG,189815,21,
DE-NW,Kamen-Heeren,KAMEN-HEEREN,152572,18,
DE-NW,Schmallenberg-Rennefeld,SCHMALLENBERG-RENNEFELD,153013,16,
DE-NW,Hünsborn,HUENSBORN,152536,28,
DE-NW,Münster-Telgte,MUENSTER-TELGTE,152782,18,
DE-NW,Schameder,SCHAMEDER,153005,15,
DE-NW,Essen/Mülheim,ESSEN/MUELHEIM,152310,19,
DE-NW,Marl-Loemühle,MARL-LOEMUEHLE,152720,5,
DE-NW,Emmerich-Palmersward,EMMERICH-PALMERSWARD,152293,34,
DE-NW,Gustorfer Höhe,GUSTORFER HOEHE,152425,43,
DE-NW,Rheine Eschendorf,RHEINE-ESCHENDORF,152960,18,
DE-NW,Kamp-Lintfort,KAMP-LINTFORT,152575,7,
DE-NW,Warburg-Am Heinberg,WARBURG/AM HEINBERG,153170,27,
DE-NW,Blomberg Borkhausen,BLOMBERG-BORKHAUSEN,152123,15,
DE-NW,Detmold,DETMOLD,152232,23,
DE-NW,Wolfsaap,DUESSELDORF-WOLFSAAP,189759,26,
DE-NW,Stolberg-Diepenlinchen,STOLBERG-DIEPENLINCHEN,190367,16,
DE-NW,Siegerland,SIEGERLAND,153051,18,
DE-NW,Meinerzhagen,MEINERZHAGEN,152725,0,
DE-NW,Siegen-Eisernhardt,SIEGEN-EISERNHARDT,153050,8,
DE-NW,Bielefeld,BIELEFELD,152115,17,
DE-NW,Düren-Hürtgenwald,DÜREN-HÜRTGENWALD,189758,16,
DE-NW,Hengsen-Opherdicke,HENGSEN-OPHERDICKE,152479,6,
DE-NW,Nörvenich,NOERVENICH,152846,3,
DE-NW,Lindlar,LINDLAR,152688,1,
DE-NW,Geilenkirchen,GEILENKIRCHEN,152370,2,
DE-NW,Arnsberg Ruhrwiese,ARNSBERG RUHRWIESE,152036,0,
DE-NW,Höxter-Holzminden,HOEXTER-HOLZMINDEN,152533,2,
DE-NW,Arnsberg-Menden,ARNSBERG-MENDEN,152017,1,
DE-NW,Vettweiss-Soller,VETTWEISS,153150,0,
DE-NW,Hopsten,HOPSTEN,189824,0,
DE-NW,Mönchengladbach,MOENCHENGLADBACH,152764,0,
DE-NW,Niederrhein,NIEDERRHEIN,152820,1,
DE-RP,Ludwigshafen-Dannstadt,LUDWIGSHAFEN-DANNSTADT,152682,665,
DE-RP,Landau-Ebenberg,LANDAU-EBENBERG,152634,254,
DE-RP,Lachen-Speyerdorf,LACHEN-SPEYERDORF,152630,185,
DE-RP,Nastätten,NASTAETTEN,189797,259,
DE-RP,Mönchsheide,MOENCHSHEIDE,152765,266,
DE-RP,Wershofen,WERSHOFEN/EIFEL,153189,121,
DE-RP,Utscheid,UTSCHEID,189814,204,
DE-RP,Langenlonsheim,LANGENLONSHEIM,152641,145,
DE-RP,Pirmasens,PIRMASENS,152918,187,
DE-RP,Bad Sobernheim,BAD SOBERNHEIM-DOMBERG,152067,192,
DE-RP,Bad Neuenahr,BAD NEUENAHR-AHRWEILER,152060,78,
DE-RP,Neumagen-Dhron,NEUMAGEN-DHRON,152806,27,
DE-RP,Idar-Oberstein,IDAR-OBERSTEIN/GOETTSCHIED,152541,115,
DE-RP,Mainz Finthen,MAINZ/FINTHEN,152711,95,
DE-RP,Betzdorf Kirchen,BETZDORF-KIRCHEN,152110,82,
DE-RP,Konz-Könen,KONZ-KOENEN,152604,54,
DE-RP,Daun-Senheld,DAUN-SENHELD,152224,27,
DE-RP,Oppenheim,OPPENHEIM,152874,39,
DE-RP,Koblenz-Winningen,KOBLENZ-WINNINGEN,152600,35,
DE-RP,Grünstadt Quirnheimer-Berg,GRUENSTADT-QUIRNHEIMER BERG,152409,56,
DE-RP,Worms,WORMS,153216,47,
DE-RP,Traben-Trarbach,TRABEN-TRARBACH/MONT ROYAL,153120,29,
DE-RP,Dierdorf-Wienau,DIERDORF-WIENAU,152235,56,
DE-RP,Kirn,KIRN,152593,30,
DE-RP,Essweiler,ESSWEILER,152313,46,
DE-RP,Bad Marienberg,BAD MARIENBERG,152058,22,
DE-RP,Kell,KELL,189786,16,
DE-RP,Bitburg,BITBURG,152120,21,
DE-RP,Büchel,BUECHEL,152192,3,
DE-RP,Hassloch,HASSLOCH,189774,17,
DE-RP,Trier-Föhren,TRIER-FOEHREN,153125,51,
DE-RP,Montabaur,MONTABAUR,152745,7,
DE-RP,Ailertchen,AILERTCHEN,151988,12,
DE-RP,Kusel,KUSEL,152613,16,
DE-RP,Speyer,SPEYER,153064,4,
DE-RP,Zweibrücken,ZWEIBRUECKEN,153240,5,
DE-RP,Hoppstädten-Weiersbach,HOPPSTAEDTEN-WEIERSBACH,152511,1,
DE-RP,Schweighofen,SCHWEIGHOFEN,153025,1,
DE-RP,Bad Dürkheim,BAD DUERKHEIM,152047,0,
DE-RP,Mendig,MENDIG,152731,0,
DE-RP,Bundenthal-Rumbach,BUNDENTHAL-RUMBACH,152166,0,
DE-RP,Nannhausen,NANNHAUSEN,152788,0,
DE-RP,Singhofen,SINGHOFEN,153058,0,
DE-SH,Grambeker Heide,GRAMBEKER HEIDE,152391,99,
DE-SH,Lübeck Blankensee,LUEBECK-BLANKENSEE,152697,42,
DE-SH,Flensburg,FLENSBURG-SCHAEFERHAUS,152329,13,
DE-SH,Wahlstedt,WAHLSTEDT,153162,46,
DE-SH,Aukrug,AUKRUG,152038,89,
DE-SH,Uetersen-Heist,UETERSEN/HEIST,153137,71,
DE-SH,Grube,GRUBE,152406,26,
DE-SH,Neumünster,NEUMUENSTER,152809,28,
DE-SH,Schleswig-Kropp,SCHLESWIG-KROPP,153011,45,
DE-SH,St Michaelisdonn,ST. MICHAELISDONN,153068,14,
DE-SH,Rendsburg-Schachtholm,RENDSBURG-SCHACHTHOLM,152952,2,
DE-SH,Leck,LECK,152654,12,
DE-SH,Aventoft,AVENTOFT,152031,13,
DE-SH,Kiel Holtenau,KIEL-HOLTENAU,152590,1,
DE-SH,Itzehoe,ITZEHOE,152558,8,
DE-SH,Husum,HUSUM,152517,0,
DE-SH,St. Peter-Ording,ST. PETER-ORDING,153069,0,
DE-SH,Heide-Büsum,HEIDE-BUESUM,152471,0,
DE-SH,Sierksdorf/Hof-Altona,SIERKSDORF/HOF ALTONA,153052,0,
DE-SL,Marpingen,MARPINGEN,152721,560,
DE-SL,Dillingen,DILLINGEN,152236,29,
DE-SL,Neunkirchen-Bexbach,NEUNKIRCHEN-BEXBACH,152810,0,
DE-SL,Saarlouis-Düren,SAARLOUIS-DUEREN,152995,1,
DE-SN,Klix,KLIX,152599,773,
DE-SN,Riesa-Canitz,RIESA-CANITZ,152966,391,
DE-SN,Zwickau,ZWICKAU,153242,568,
DE-SN,Kamenz,KAMENZ,152573,261,
DE-SN,Pirna,PIRNA-PRATZSCHWITZ,152920,282,
DE-SN,Roitzschjora,ROITZSCHJORA,152971,57,
DE-SN,Rothenburg/Görlitz,ROTHENBURG/GOERLITZ,152982,32,
DE-SN,Nardt,NARDT,152789,92,
DE-SN,Großrückerswalde,GROSSRUECKERSWALDE,152405,118,
DE-SN,Auerbach,AUERBACH,152027,84,
DE-SN,Görlitz,GOERLITZ,152429,45,
DE-SN,Schweikershain,SCHWEIKERSHAIN,2500201,92,
DE-SN,Langhennersdorf,LANGHENNERSDORF,152644,31,
DE-SN,Oschatz,OSCHATZ,152878,32,
DE-SN,Taucha,TAUCHA,153112,44,
DE-SN,Chemnitz/Jahnsdorf,CHEMNITZ/JAHNSDORF,152204,32,
DE-SN,Riesa Göhlis,RIESA-GOEHLIS,152967,0,
DE-SN,Grossenhain,GROSSENHAIN,152403,2,
DE-SN,Bautzen,BAUTZEN,152089,5,
DE-SN,Dresden,DRESDEN,152256,0,
DE-SN,Torgau-Beilrode,TORGAU-BEILRODE,153119,0,
DE-ST,Stendal-Borstel,STENDAL-BORSTEL,153079,450,
DE-ST,Laucha,LAUCHA,152645,160,
DE-ST,Schönebeck,SCHOENEBECK-ZACKMUENDE,153037,129,
DE-ST,Halle-Oppin,HALLE-OPPIN,152448,100,
DE-ST,Magdeburg,MAGDEBURG-CITY,152706,59,
DE-ST,Dessau,DESSAU,152231,91,
DE-ST,Ballenstedt,BALLENSTEDT,152077,42,
DE-ST,Aschersleben,ASCHERSLEBEN,152022,86,
DE-ST,Renneritz,RENNERITZ,152953,81,
DE-ST,Salzwedel,SALZWEDEL,153000,18,
DE-ST,Gardelegen,GARDELEGEN,152366,10,
DE-ST,Oschersleben,OSCHERSLEBEN,152879,0,
DE-ST,Zerbst,ZERBST,153235,0,
DE-ST,Allstedt,ALLSTEDT,151993,0,
DE-ST,Köthen,KOETHEN,152627,1,
DE-ST,Burg,BURG,152167,0,
DE-ST,Hoym,HOYM,152515,1,
DE-TH,Jena-Schöngleina,JENA-SCHOENGLEINA,152565,177,
DE-TH,Rudolstadt,RUDOLSTADT-GROSCHWITZ,152986,102,
DE-TH,Alkersleben,ARNSTADT-ALKERSLEBEN,152019,257,
DE-TH,Bad Berka,BAD BERKA,152042,95,
DE-TH,Bad Frankenhausen,BAD FRANKENHAUSEN,152049,97,
DE-TH,Greiz-Obergrochlitz,GREIZ-OBERGROCHLITZ,152396,56,
DE-TH,Göpfersdorf,GOEPFERSDORF,152427,120,
DE-TH,Suhl-Goldlauter,SUHL-GOLDLAUTER,153093,29,
DE-TH,Mühlhausen,MUEHLHAUSEN,152770,37,
DE-TH,Bad Langensalza,BAD LANGENSALZA,152057,14,
DE-TH,Pennewitz,PENNEWITZ,152908,44,
DE-TH,Crawinkel,CRAWINKEL,152212,2,
DE-TH,Gera-Leumnitz,GERA-LEUMNITZ,152374,13,
DE-TH,Nordhausen,NORDHAUSEN,152831,39,
DE-TH,Titschendorf,TITSCHENDORF,189811,7,
DE-TH,Obermehler,OBERMEHLER/SCHLOTHEIM,152852,0,
DE-TH,Gotha-Ost,GOTHA-OST,152386,0,
DE-TH,Eisenach-Kindel,EISENACH-KINDEL,152280,1,
DE-TH,Erfurt,ERFURT,152300,0,
DE-TH,Weimar-Umpferstedt,WEIMAR-UMPFERSTEDT,153178,0,
DE-TH,Leipzig-Altenburg,LEIPZIG-ALTENBURG,152664,1,
DE-TH,Sömmerda-Dermsdorf,SOEMMERDA-DERMSDORF,153107,0,
DK,Arnborg,ARNBORG,189828,278,
DK,Gorlose,GORLOSE,189845,72,
DK,Hammer Flyveplad,HAMMER,189848,79,
DK,Vojens Skrydstrup,VOJENS/SKRYDSTRUP,149706,99,
DK,Herning,HERNING,149668,28,x
DK,Aars,AARHUS,149646,76,x
DK,Kalundborg,KALUNDBORG,149672,31,
DK,Christianshede,CHRISTIANSHEDE,189835,45,
DK,Vojstrup,VOJSTRUP,189894,12,
DK,Slaglille,SLAGLILLE,189879,17,
DK,Aarhus True,TRUE,2098637,44,
DK,Rodekro,RODEKRO,1556092,12,
DK,Sæby Ottestrup,AEBY/OTTESTRUP,149698,9,
DK,Kongsted,KONGSTED,189857,8,
DK,Viborg Hovedbyg,VIBORG,149705,7,
DK,Gesten Flyveplad,GESTEN,189843,13,
ES,Fuentemilanos,FUENTEMILANOS,160911,826,
ES,La Cerdanya,LA CERDANYA,189934,443,
ES,Ocana Toledo,OCANA TOLEDO,189941,433,
ES,Santa Cilia de Jaca,SANTA CILIA PIRINEOS,161097,169,
ES,Igualada-Ódena,IGUALADA/ODENA,160951,142,
ES,Villacastin,VILLACASTIN,161168,63,
ES,Lillo,LILLO,160993,23,
ES,Beas De Segura,BEAS DE SEGURA,160815,42,
ES,Cuenca Sotos,SOTOS,161117,35,x
ES,La Mancha,ILIPA MAGNA,160952,40,x
ES,Garray Sorianuma,GARRAY SORIANUMA,189927,40,
ES,Requena,REQUENA,161068,9,
ES,Muchamiel,MUCHAMIEL,161034,0,
ES,Santo Tomé del Puerto,SANTO TOME DEL PUERTO,161103,3,
ES,Burgos Villafría,BURGOS,160808,18,
ES,Pamplona,PAMPLONA,161051,0,
ES,La Seu d'Urgell,LA SEU D’URGELL,161105,2,
FI,Räyskälä,RäYSKäLä,150132,689,
FI,Kymi,KYMI,150099,356,
FI,Pudasjärvi,PUDASJÄRVI,150122,185,
FI,Selänpää,SELäNPää,150137,144,
FI,Nummela,NUMMELA,150112,149,
FI,Piikajärvi,PIIKAJäRVI,150118,68,
FI,Teisko,TEISKO,150145,0,
FI,Haapavesi,HAAPAVESI,150064,73,
FI,Oripää,ORIPää,150114,46,
FI,Jämijärvi,JäMIJäRVI,150077,99,
FI,Vesivehmaa,LAHTI VESIVEHMAA,150102,1,
FI,Rautavaara,RAUTAVAARA,150131,13,
FI,Hyvinkää,HYVINKÄÄ,150069,42,
FI,Menkijärvi,MENKIJÄRVI,150110,28,
FI,Immola,IMMOLA,150072,22,
FI,Kauhava,KAUHAVA,150079,11,
FI,Lappeenranta,LAPPEENRANTA,150101,25,
FI,Pieksämäki,PIEKSäMäKI,150117,14,
FI,Joensuu,JOENSUU,150073,13,
FI,Seinäoki Ilmajoki,SEINÄJOKI,150134,9,
FI,Kemi-Tornio,KEMI-TORNIO,150080,2,
FI,Savonlinna,SAVONLINNA,150133,1,
FI,Kitee,KITEE,150092,1,
FI,Ahmosuo,AHMOSUO,150052,1,
FI,Ylivieska,YLIVIESKA,150156,0,
FI,Raahe Pattijoki,RAAHE PATTIJOKI,150128,0,
FI,Rovaniemi,ROVANIEMI,150127,0,
FI,Varkaus,VARKAUS,150150,0,
FI,Sodankylä,SODANKYLä,150138,2,
FI,Helsinki Malmi,HELSINKI MALMI,150060,4,
FR-20R,Ghisonaccia,GHISONACCIA ALZITONE,150847,0,
FR-ARA,Chambéry-Challes les Eaux,CHAMBERY CHALLES LES EAUX,150422,155,
FR-ARA,Aubenasson,AUBENASSON,150196,83,
FR-ARA,Grenoble-Le Versoud,GRENOBLE LE VERSOUD,150853,37,
FR-ARA,Moulins-Montbeugny,MOULINS MONTBEUGNY,151254,23,
FR-ARA,Brioude-Beaumont,BRIOUDE BEAUMONT,150304,25,
FR-ARA,Bourg-Ceyzériat,BOURG CEYZERIAT,150296,0,
FR-ARA,Valence-Chabeuil,VALENCE CHABEUIL,151786,21,
FR-ARA,Roanne,ROANNE,151492,5,
FR-ARA,Issoire-Le Broc,ISSOIRE LE BROC,150948,10,
FR-ARA,Les Moises,HABERE POCHE,189992,39,
FR-ARA,Romans-Saint Paul,ROMANS SAINT PAUL,151496,0,
FR-ARA,Villefranche-Tarare,VILLEFRANCHE TARARE,151802,15,
FR-ARA,Feurs Chambéon,FEURS CHAMBEON,150806,4,
FR-ARA,Vichy-Charmeil,VICHY CHARMEIL,151797,0,
FR-ARA,Oyonnax-Arbent,OYONNAX ARBENT,151376,0,
FR-ARA,Albertville,ALBERTVILLE,150166,0,
FR-ARA,Sollières Sardières,SOLLIERES SARDIERES,151587,0,
FR-ARA,Morestel,MORESTEL,151251,2,
FR-ARA,Lyon-Corbas,LYON CORBAS,151046,0,
FR-ARA,Aix En Diois,AIX EN DIOIS,205635,2,
FR-ARA,Annemasse,ANNEMASSE,150186,2,
FR-ARA,Chambery Aix,CHAMBERY AIX LES BAINS,150421,0,
FR-ARA,Montélimar Ancône,MONTELIMAR ANCONE,151243,0,
FR-ARA,St Jean d'Avelanne,SAINT JEAN D AVELANNE,151545,0,
FR-ARA,Ambérieu Bugey,AMBERIEU,150171,0,
FR-ARA,Ambert Le Poyet,AMBERT LE POYET,150172,0,
FR-ARA,Annecy Meythet,ANNECY MEYTHET,150185,0,
FR-ARA,St Rambert d'Albon,SAINT RAMBERT D ALBON,151556,0,
FR-ARA,Pierrelatte,PIERRELATTE,151403,0,
FR-ARA,La Tour du Pin-Cessieu,LA TOUR DU PIN CESSIEU,150997,0,
FR-ARA,Le Puy-Loudes,LE PUY LOUDES,151019,0,
FR-ARA,Clermont Ferrand-Auvergne,CLERMONT FERRAND AUVERGNE,150452,0,
FR-BFC,Pont sur Yonne,PONT SUR YONNE,151410,166,
FR-BFC,Saint Florentin-Cheu,SAINT FLORENTIN CHEU,151539,81,
FR-BFC,Besançon-Thise,BESANCON THISE,150282,15,
FR-BFC,Belfort-Chaux,BELFORT CHAUX,150270,4,
FR-BFC,Pontarlier,PONTARLIER,151412,4,
FR-BFC,Dijon-Darois,DIJON DAROIS,150745,3,
FR-BFC,Montbéliard,MONTVERDUN,151314,3,
FR-BFC,Mâcon Charnay,MACON CHARNAY,151213,1,
FR-BFC,Lons Le Saunier,LONS LE SAUNIER COURLAOUX,151038,0,
FR-BFC,Besançon La Vèze,BESANCON LA VEZE,150281,0,
FR-BFC,Dole Tavaux,DOLE TAVAUX,150750,0,
FR-BFC,Gray St Adrien,GRAY SAINT ADRIEN,150850,1,
FR-BFC,Nevers-Fourchambault,NEVERS FOURCHAMBAULT,151340,1,
FR-BFC,Paray le Monial,PARAY LE MONIAL,151388,0,
FR-BRE,Saint-Sulpice des Landes,SAINT SULPICE DES LANDES,151558,146,
FR-BRE,Ploërmel-Loyat,PLOERMEL LOYAT,151405,0,
FR-BRE,Rennes St Jaques,RENNES SAINT JACQUES,151486,0,
FR-BRE,Fougères Bicvre,FOUGERES BICVRE,189987,0,
FR-BRE,Redon Bains,REDON BAINS SUR OUST,151484,0,
FR-BRE,Dinan-Trelivan,DINAN TRELIVAN,150747,0,
FR-CVL,Bailleau-Armenonville,BAILLEAU ARMENONVILLE,150260,324,
FR-CVL,Romorantin-Pruniers,ROMORANTIN PRUNIERS,151498,48,
FR-CVL,Issoudun-Le Fay,ISSOUDUN LE FAY,150950,141,
FR-CVL,Blois-Le Breuil,BLOIS LE BREUIL,150289,69,
FR-CVL,Tours-Le Louroux,TOURS LE LOUROUX,151733,67,
FR-CVL,Amboise Dierre,AMBOISE DIERRE,150174,50,
FR-CVL,Le Blanc,LE BLANC,151009,51,
FR-CVL,Montargis-Vimory,MONTARGIS VIMORY,151238,1,
FR-CVL,Chartres-Métropole,CHARTRES METROPOLE,150428,0,
FR-CVL,Bourges,BOURGES,150298,1,
FR-CVL,Orbigny Pallis,ORBIGNY,151380,0,
FR-CVL,Argenton sur Creuse,ARGENTON SUR CREUSE,150190,0,
FR-CVL,Châteauneuf sur Cher,CHATEAUNEUF SUR CHER,150434,0,
FR-CVL,Châteauroux Déols,CHATEAUROUX DEOLS,150436,0,
FR-CVL,Vierzon Mereau,VIERZON MEREAU,151799,0,
FR-CVL,Mézières,MÉZIÈRES,205633,0,
FR-GES,Châlons-Ecury sur Coole,CHALONS ECURY SUR COOLE,150418,156,
FR-GES,Sarreguemines-Neunkirch,SARREGUEMINES NEUNKIRCH,151571,82,
FR-GES,Haguenau,HAGUENAU,150901,24,
FR-GES,Jointville Mussey,JOINVILLE MUSSEY,150960,20,
FR-GES,Pont Saint Vincent,PONT SAINT VINCENT,151409,30,
FR-GES,Epinal-Dogneville,EPINAL DOGNEVILLE,150781,4,
FR-GES,Mulhouse-Habsheim,MULHOUSE HABSHEIM,151255,0,
FR-GES,Colmar-Houssen,COLMAR HOUSSEN,150460,4,
FR-GES,Troyes-Barberey,TROYES BARBEREY,151738,16,
FR-GES,Langres-Rolampont,LANGRES ROLAMPONT,151002,1,
FR-GES,Reims-Prunay,REIMS PRUNAY,151485,2,
FR-GES,Sedan-Douzy,SEDAN DOUZY,151577,0,
FR-GES,Strasbourg-Neuhof,STRASBOURG NEUHOF,151592,0,
FR-GES,Chambley,CHAMBLEY,150423,0,
FR-GES,Sézanne-Saint Rémy,SEZANNE SAINT REMY,151582,0,
FR-GES,Nancy-Malzeville,NANCY MALZEVILLE,151334,0,
FR-GES,Nancy Essey,NANCY ESSEY,151333,1,
FR-GES,Bale Mulhouse,BALE-MULHOUSE,150261,0,
FR-GES,Bar Sur Sein,BAR SUR SEINE,150263,0,
FR-GES,Brienne Le Château,BRIENNE LE CHATEAU,150303,0,
FR-GES,Charleville Mézières,CHARLEVILLE MEZIERES,150426,0,
FR-GES,Lunéville-Croismare,LUNEVILLE CROISMARE,151042,1,
FR-GES,Neufchâteau,NEUFCHATEAU,151339,1,
FR-GES,Rethel Perthes,RETHEL PERTHES,151488,0,
FR-GES,Sarrebourg-Buhl,SARREBOURG BUHL,151570,0,
FR-GES,St Dié Remomeix,SAINT DIE REMOMEIX,151535,0,
FR-GES,Vitry Le François,VITRY LE FRANCOIS VAUCLERC,151807,0,
FR-HDF,Amiens-Glisy,AMIENS GLISY,150176,0,
FR-HDF,Lille-Marcq en Baroeul,LILLE MARCQ EN BAROEUL,151031,0,
FR-HDF,Soissons-Courmelles,SOISSONS,151584,4,
FR-HDF,Cambrai-Niergnies,CAMBRAI NIERGNIES,150400,2,
FR-HDF,Albert-Bray,ALBERT BRAY,150164,1,
FR-HDF,Compiègne-Margny,COMPIEGNE MARGNY,150464,0,
FR-HDF,Abbeville,ABBEVILLE,150158,0,
FR-HDF,Maubeuge-Elesmes,MAUBEUGE ELESMES,151218,0,
FR-HDF,Saint Quentin-Roupy,SAINT QUENTIN ROUPY,151555,0,
FR-HDF,Valenciennes,VALENCIENNES DENAIN,151788,0,
FR-HDF,Merville-Calonne,MERVILLE CALONNE,151225,0,
FR-HDF,Arras-Roclincourt,ARRAS ROCLINCOURT,150192,0,
FR-IDF,Buno-Bonnevaux,BUNO BONNEVAUX,150306,213,
FR-IDF,Mantes-Chérence,MANTES CHERENCE,151214,164,
FR-IDF,Orleans St Denis,ORLEANS ST DENIS DE L HOTEL,151374,35,
FR-IDF,Moret-Episy,MORET EPISY,151252,8,
FR-IDF,Beynes-Thiverval,BEYNES THIVERNAL,150283,17,
FR-IDF,Coulommiers,COULOMMIERS VOISINS,150470,0,
FR-IDF,La Ferté Alais,LA FERTE ALAIS,150986,0,
FR-IDF,Lapalisse-Périgny,LAPALISSE PERIGNY,151006,0,
FR-IDF,Persan Baumont,PERSAN BEAUMONT,151400,0,
FR-NAQ,Chauvigny,CHAUVIGNY,150442,72,
FR-NAQ,Poitiers-Briard,POITIERS BIARD,151407,0,
FR-NAQ,Thouars,THOUARS,151724,0,
FR-NAQ,Bordeaux-Léognan Saucats,BORDEAUX LEOGNAN SAUCATS,150292,3,
FR-NAQ,Arcachon-La Teste du Buch,ARCACHON LA TESTE DE BUCH,150188,0,
FR-NAQ,Angoulème-Brie Champniers,ANGOULEME BRIE CHAMPNIERS,150183,7,
FR-NAQ,Oloron-Herrere,OLORON HERRERE,151370,4,
FR-NAQ,Aire sur l'Adour,AIRE SUR L ADOUR,150160,0,
FR-NAQ,Niort-Marais Poitevin,NIORT MARAIS POITEVIN,151346,0,
FR-NAQ,Sainte Foy la Grande,SAINTE FOY LA GRANDE,151561,1,
FR-NAQ,Biscarrosse-Parentis,BISCARROSSE PARENTIS,150286,0,
FR-NAQ,Marmande-Virazeil,MARMANDE VIRAZEIL,151216,1,
FR-NAQ,Rion des Landes,RION DES LANDES,151491,4,
FR-NAQ,Saintes-Thénac,SAINTES THENAC,151564,0,
FR-NAQ,Sarlat Domme,SARLAT DOMME,151567,0,
FR-NAQ,Agen-La Garenne,AGEN LA GARENNE,150159,0,
FR-NAQ,Guéret-Saint Laurent,GUERET SAINT LAURENT,150855,0,
FR-NAQ,Limoges-Bellegarde,LIMOGES BELLEGARDE,151032,1,
FR-NAQ,Périgueux-Bassillac,PERIGUEUX BASSILLAC,151396,0,
FR-NAQ,Montluçon Guéret,MONTLUCON GUERET,151246,0,
FR-NAQ,Cognac-Chateaubernard,COGNAC CHATEAUBERNARD,150459,0,
FR-NAQ,Rochefort-Charente Maritime,ROCHEFORT CHARENTE MARITIME,151493,0,
FR-NAQ,Itxassou,ITXASSOU,150952,0,
FR-NOR,Le Havre-Saint Romain,LE HAVRE SAINT ROMAIN,151014,1,
FR-NOR,Rouen-Vallée de Seine,ROUEN VALLEE DE SEINE,151500,1,
FR-NOR,Vauville,VAUVILLE,151791,1,
FR-NOR,Falaise-Monts d'Eraines,FALAISE MONTS D ERAINES,150803,1,
FR-NOR,Alençon-Valframbert,ALENCON VALFRAMBERT,150169,1,
FR-NOR,Bagnole de l'Orne-Couterne,BAGNOLES DE L ORNE COUTERNE,150259,1,
FR-OCC,Saint Martin de Londres,SAINT MARTIN DE LONDRES,151549,78,
FR-OCC,Saint Gaudens-Montrejeau,SAINT GAUDENS MONTREJEAU,151541,29,
FR-OCC,Toulouse-Bourg Saint Bernard,TOULOUSE BOURG SAINT BERNARD,151728,115,
FR-OCC,Castelsarrasin-Moissac,CASTELSARRASIN MOISSAC,150409,35,
FR-OCC,Auch-Gers,AUCH GERS,150199,7,
FR-OCC,Graulhet-Montdragon,GRAULHET MONTDRAGON,150849,10,
FR-OCC,Saint Girons-Antichan,SAINT GIRONS ANTICHAN,151542,20,
FR-OCC,La Llagonne-La Quillane,LA LLAGONNE LA QUILLANE,151235,5,
FR-OCC,Bagnères de Luchon,BAGNERES DE LUCHON,150258,7,
FR-OCC,Condom-Valence sur Baïse,CONDOM VALENCE SUR BAISE,150462,1,
FR-OCC,Florac-Sainte Enimie,FLORAC SAINTE ENIMIE,150810,10,
FR-OCC,Perpignan-Rivesaltes,PERPIGNAN RIVESALTES,151399,12,
FR-OCC,Tarbes-Laloubère,TARBES LALOUBERE,151722,0,
FR-OCC,Lézignan Corbières,LEZIGNAN CORBIERES,151027,0,
FR-OCC,Mende-Brenoux,MENDE BRENOUX,151223,0,
FR-OCC,Sainte Léocadie,SAINTE LEOCADIE,151562,0,
FR-OCC,Béziers Vias,BEZIERS VIAS,150284,0,
FR-OCC,Castelnau Magnoac,CASTELNAU MAGNOAC,150407,0,
FR-OCC,Millau Larzac,MILLAU LARZAC,151229,0,
FR-OCC,Tarbes Lourdes Pyrénées,TARBES LOURDES PYRENEES,151723,0,
FR-OCC,Puivert,PUIVERT,151418,0,
FR-OCC,Narbonne,NARBONNE,151338,0,
FR-OCC,Saint Affrique-Balmont,SAINT AFFRIQUE BELMONT,151528,0,
FR-OCC,Alès-Cévennes,ALES CEVENNES,150170,0,
FR-OCC,Avignon-Pujaut,AVIGNON PUJAUT,150207,0,
FR-OCC,Montagne Noire,MONTAGNE NOIRE,151236,0,
FR-OCC,Nogaro,NOGARO,151347,0,
FR-OCC,Cahors-Lalbenque,CAHORS LALBENQUE,150396,0,
FR-PAC,Puimoisson,PUIMOISSON,151417,1801,
FR-PAC,Serres La Bâtie,SERRES LA BATIE MONTSALEON,151581,1074,
FR-PAC,Vinon,VINON,151805,1193,
FR-PAC,Sisteron-Vaumeilh,SISTERON VAUMEILH,151583,973,
FR-PAC,Château Arnoux-Saint Auban,CHATEAU ARNOUX SAINT AUBAN,150429,1100,
FR-PAC,Gap-Tallard,GAP TALLARD,150846,569,
FR-PAC,Fayence,FAYENCE,150804,503,
FR-PAC,La Motte du Caire,LA MOTTE DU CAIRE,613333,657,
FR-PAC,Barcelonnette-Saint Pons,BARCELONNETTE SAINT PONS,150264,256,
FR-PAC,Mont Dauphin-Saint Crépin,MONT DAUPHIN SAINT CREPIN,151232,169,
FR-PAC,Aspres sur Buech,ASPRES SUR BUECH,150193,131,
FR-PAC,St Croix sur Verdon,STE. CROIX SUR VERDON,205698,251,
FR-PAC,Salon-Eyguières,SALON EYGUIERES,151566,14,
FR-PAC,Carpentras,CARPENTRAS,150405,3,
FR-PAC,Seynes les Alpes-Les Auches,SEYNE LES ALPES,205634,0,
FR-PAC,Céreste,CERESTE PRV 36,189982,0,
FR-PAC,Le Grand Logisson,BRUNET - LE GRAND LOGISSON,205705,0,
FR-PAC,Cannes Mandelieu,CANNES MANDELIEU,150401,0,
FR-PAC,Le Mazet de Romanin,LE MAZET DE ROMANIN,151017,0,
FR-PDL,Angers-Macé,ANGERS MARCE,150181,6,
FR-PDL,La Roche sur Yon-Les Ajoncs,LA ROCHE SUR YON LES AJONCS,150993,26,
FR-PDL,Fontenay le Comte,FONTENAY LE COMTE,150811,3,
FR-PDL,Montaigu-Saint Georges,MONTAIGU ST GEORGES,151237,0,
FR-PDL,Cholet Le Pontreau,CHOLET LE PONTREAU,150449,0,
FR-PDL,Saumur-Saint Florent,SAUMUR ST FLORENT,151574,1,
FR-PDL,Laval-Entrammes,LAVAL ENTRAMMES,151008,1,
FR-PDL,La Rogerie,LA ROGERIE,151088,1,
FR-PDL,Le Mans-Arnage,LE MANS ARNAGE,151016,1,
GB,Dunstable,DUNSTABLE,1506111,141,
GB,Lasham,LASHAM,162246,141,
GB,Sutton Bank,SUTTON BANK,190137,113,
GB,Wycombe Booker,WYCOMBE AIR PARK/BOOKER,162383,111,
GB,Portmoak,PORTMOAK,190096,39,
GB,Aboyne,ABOYNE,190041,40,
GB,Bicester,BICESTER,162150,8,
GB,Husbands Bosworth,HUSBANDS BOSWORTH,190089,19,x
GB,Gransden Lodge,GRANSDEN LODGE,522591,37,
GB,Bellarena,BELMULLET AERODROME,154652,64,x
GB,Parham,PARHAML,190115,2,
GB,Aston Down,ASTON DOWN,190044,20,
GB,Tibenham,TIBENHAM,190142,18,
GB,Keevil,KEEVIL,190093,9,
GB,Saltby,SALTBY,190128,10,
GB,Lleweni Parc,LLEWENI PARC,190103,27,
GB,Currock Hill,CURROCK HILL,190061,0,
GB,Usk Club,USK  CLUB,190145,0,
GB,Feshiebridge,FESHIEBRIDGE,190072,0,
GB,Nympsfield,NYMPSFIELD,190114,5,
GB,Halton,HALTON,162307,0,
GB,Kirton Lindsey,KIRTON LINDSEY,190097,9,
GB,Ballykelly,BALLYKELLY,162149,0,
GB,Milfield,MILFIELD,190106,0,
GB,Camphill,CAMPHILL,190055,10,
GB,Edgehill,EDGEHILL,190066,0,
GB,Shobdon,SHOBDON,162347,3,
GB,Talgarth,TALGARTH,190139,4,
GB,Retford Gamston,RETFORD/GAMSTON,162333,12,
GB,Weston Green,WESTON ON THE GREEN,190148,0,
GB,Haddenham,DENHAM,162176,0,x
GB,North Hill,NORTH HILL,190112,0,
GB,Llanbedr,LLANBEDR,162250,0,
GB,Rufforth York,RUFFORTH YORK,190126,3,
GB,Rivar Hill,RIVAR HILL,190124,3,
GB,Pocklington,POCKLINGTON,190118,1,
GB,Halesland,HALESLAND,190080,1,
GB,Wormingford,WORMINGFORD,190151,0,
GR,Kopaida,KOPAIDA,190155,7,
GR,Agrinion,AGRINION AIRPORT,153333,0,
GR,Thiva,THIVA AIRFIELD,153403,4,
HR,Sinj,SINJ,149322,50,
HR,Slavonski Brod,SLAVONSKI BROD/JELAS,149323,0,
HR,Zagreb Lucko,ZAGREB/LUCKO,149315,8,
HR,Koprivnica Danic,KOPRIVNICA DANIC,190172,4,
HR,Bjelovar Brezovac,BJELOVAR/BREZOVAC,149306,0,
HR,Cakovec Pribislavec,CAKOVEC/PRIBISLAVEC,149333,0,
HR,Otocac,OTOCAC,149318,0,
HR,Osijek Cepin,OSIJEK CEPIN,149334,5,
HR,Brac,BRAC,149307,0,
HU,Szatymaz,SZATYMAZ AIRPORT,153816,151,
HU,Hajduszoboszlo,HAJDUSZOBOSZLO,153789,97,
HU,Őcsény,ŐCSENY,153832,55,
HU,Szeged,SZEGED,153817,356,
HU,Nyíregyháza,NYÍREGYHÁZA,153809,45,
HU,Dunaujvaros,DUNAUJVAROS,153776,13,
HU,Miskolc,MISKOLC,153807,5,
HU,Farkashegy,FARKASHEGY,153780,11,
HU,Békéscsaba,BéKéSCSABA,153771,6,
HU,Debrecen,DEBRECEN,153774,0,
HU,Papkutapuszta,PAPKUTAPUSZTA AIRPORT,153810,8,
HU,Dunakeszi,DUNAKESZI,153775,17,
HU,Szombathely,SZOMBATHELY,153822,3,
HU,Budaörs,BUDAöRS,153770,0,
HU,Pecs Pogany,PECS/POGANY,153813,4,
HU,Szolnok,SZOLNOK,153820,0,
HU,Kunmadaras,KUNMADARAS AIRPORT,153804,0,
HU,Siofok Kiliti,SIOFOK-KILITI,153814,0,
HU,Nagykanizsa,NAGYKANIZSA,153808,0,
IE,Gowran Grange,GOWRAN GRANGE AERODROME,154667,94,
IE,Kildare,KILDARE AERODROME,154674,0,
IE,Fermoyle Beach,REEROE AIRPORT,154685,11,x
IE,Inch Beach,ERINAGH AIRPORT,154665,10,x
IL,Megido,MEGIDO,154709,363,
IL,Beer Sheba Teyman,BEER SHEVA (TEYMAN),154694,147,
IL,Mitzpe Ramon,MITZPE RAMON,154712,0,
IL,Ein Yahav,EIN YAHAV,154698,0,
IL,Metzada,METZADA,154710,0,
IL,Eyn Shemer,EIN SHEMER,154697,0,
IS,Sandskeid,SANDSKEID,153889,5,
IT,Rieti,RIETI,155188,738,
IT,Calcinate del Pesce,CALCINATE DEL PESCE,154877,590,
IT,Valbrembo,VALBREMBO,155280,437,
IT,Trento Mattarello,TRENTO / MATTARELLO,155255,208,
IT,Alzate Brianza,ALZATE BRIANZA,154727,339,
IT,Pavullo,PAVULLO,155135,160,
IT,Enemonzo,ENEMONZO,190206,233,
IT,Belluno,BELLUNO,154854,245,
IT,Aosta,AOSTA,154729,142,
IT,Novi Ligure,NOVI LIGURE,155121,106,
IT,Bolzano Bozen,BOLZANO,154858,66,
IT,Verona Boscomantico,VERONA / BOSCOMANTICO,155286,173,
IT,Torino/Aeritalia,TORINO / AERITALIA,155251,193,
IT,Thiene,THIENE,155250,112,
IT,Rubbiano,RUBBIANO,190215,98,
IT,Voghera Rivanazzano,VOGHERA / RIVANAZZANO,155288,206,
IT,Sondrio Caiolo,SONDRIO CAIOLO AIRPORT,155244,51,
IT,Ferrara,FERRARA,154983,27,
IT,Castellazzo,CASTELLAZZO,154913,217,
IT,Tortona,AEROVELA TORTONA,154751,160,
IT,Borgo San Lorenzo,COLLINA,154941,41,
IT,L'Aquila Preturo,L AQUILA / PRETURO,155039,49,
IT,Gallicano,PELLICANO,155154,15,x
IT,Foligno,FOLIGNO,154986,33,
IT,Aviosuperficie Grumentum,AMENDOLA AIRPORT,154792,8,x
IT,Rivoli Di Osoppo,RIVOLI DI OSOPPO,155197,0,
IT,Lucca Tassignano,LUCCA / TASSIGNANO,155046,36,
IT,Serristori,SERRISTORI - CASTIGLION FIORENTINO,678589,8,
IT,Parma,PARMA,155134,6,
IT,Albenga,ALBENGA,154724,17,
IT,Masera Aviosupe,MASERA AVIOSUPE,529085,5,
IT,Sassuolo,SASSUOLO,155235,16,
IT,San Mauro,SAN MAURO,155225,17,
IT,Asiago,ASIAGO,154733,2,
IT,Salerno Pontecagnano,SALERNO / PONTECAGNANO,155214,0,
IT,Avio L'Aquila,L AQUILA / PRETURO,155039,9,x
IT,Benevento,AERO CLUB BENEVENTO,154741,0,
IT,Padova,PADOVA,155130,3,
IT,Montecchio,MONTICCHIO,155119,7,
IT,Terni,ALVARO LEONARDI,155069,12,
IT,Gorizia,GORIZIA,155004,11,
IT,Guidonia,GUIDONIA,155006,0,
IT,Sterzing,STERZING,190217,1,
IT,Comina Pordenone,COMINA PORDENONE,190200,0,
IT,Reggio Emilia,REGGIO EMILIA,155187,0,
IT,Cremona Migliaro,CREMONA / MIGLIARO,154884,0,
IT,Piacenza,VICENZA,155305,1,
IT,Ancona Falconara,ANCONA / FALCONARA,154728,0,
IT,Biella Cerrione,BIELLA / CERRIONE,154856,0,
IT,Forli,FORLI,154987,3,
IT,Montagnana,MONTAGNANA,155111,4,
IT,Alessandria,ALESSANDRIA,154725,0,
IT,Alfina,ALFINA,154763,0,
JP,Aso,ASO,3119242,0,
JP,Fujigawa,FUJIGAWA,3119234,7,
JP,Gifu,GIFU AIRPORT,155360,9,
JP,Hamakita,HAMAKITA,3119236,0,
JP,Hanyu,Hanyu,3119223,5,
JP,Hojubana,HOJUBANA,3119222,21,
JP,Itakura,ITAKURA GLIDER PORT,2818286,13,
JP,Kakuda,KAKUDA,3119229,25,
JP,Kinugawa,KINUGAWA,3119218,17,
JP,Kirigamine,KIRIGAMINE,3119232,7,
JP,Kisogawa,KISOGAWA,3119239,40,
JP,Kitami,KITAMI,3119228,0,
JP,Kuju,KUJU,3119241,15,
JP,Makabe,MAKABE,3119219,15,
JP,Menuma,MENUMA,3119217,180,
JP,Nagano,NAGANO,3119231,15,
JP,Ohno,OHNO,3119238,70,
JP,Ohtone,OHTONE,2868731,7,
JP,Oita,OITA AIRPORT,155428,4,
JP,Okazaki,OKAZAKI,3119237,10,
JP,Oyamakinu,OYAMAKINU,3119220,6,
JP,Sekiyado,SEKIYADO GLIDER PORT,2818287,15,
JP,Shinshinotsu,SHINSHINOTSU,3119225,0,
JP,Shirakawa,SHIRAKAWA,3119243,8,
JP,Takikawa,TAKIKAWA SKYPARK,2822486,35,
JP,Tohma,TOHMA SKYPARK,3119226,5,
JP,Tsukuba,TSUKUBA,3125729,21,
JP,Yomiuri Kazo,YOMIURI KAZO,3119221,7,
LT,Pociūnai,POCIŪNAI,156038,11,
LT,Paluknys,PALUKNYS,156034,11,
LT,Šeduva,ŠEDUVA,156050,11,
LU,Useldange,USELDANGE,156065,105,
MA,Ouarzazate,OUARZAZATE AIRPORT,156586,9,
MK,Skopje,SKOPJE,156074,2,
MK,Shtip,SHTIP SUSEVO,1030413,5,
NA,Bitterwasser,BITTERWASSER LODGE,156649,1002,
NA,Kiripotib,KIRIPOTIB,156724,687,
NA,Pokweni,POKWENI,156791,513,
NA,Veronica,VERONICA,1143232,476,
NA,Mariental,MARIENTAL,156749,1,
NA,Gobabis,GOBABIS,156682,4,
NA,Rostock Ritz,ROSTOCK,156803,0,
NA,Rooisand,ROOISAND,156801,0,
NA,Blumfelde,BLUMFELDE,156652,0,
NA,Keetmanshoop,KEETMANSHOOP,156718,0,
NA,Aminuis Pan,AMINUIS,156634,0,
NA,Aranos,TSES AIRSTRIP,156828,0,
NA,Helmeringshausen,HELMERINGHAUSEN,156697,0,
NA,Judaea Strip,JUDAEA STRIP,156704,0,
NA,Klein Aub,KLEIN AUB,156725,0,
NL,Terlet,TERLET,156934,1059,
NL,Soesterberg,SOESTERBERG,190232,414,
NL,Malden,MALDEN,156918,304,
NL,Lemelerveld,LEMELERVELD,190229,301,
NL,Venlo,VENLO,190234,300,
NL,Hoogeveen,HOOGEVEEN,156909,120,
NL,Teuge,TEUGE,156935,156,
NL,Hilversum,HILVERSUM,156908,154,
NL,Axel,AXEL,190222,119,
NL,Deelen,DEELEN AIR BASE,156902,37,
NL,Gilze-Rijen,GILZE RIJEN AIR BASE,156907,117,
NL,Veendam,VEENDAM,190233,48,
NL,De Peel,LGEN. BESTKAZERNE - DE PEEL,156901,58,
NL,Nistelrode,NISTELRODE,190230,86,
NL,Biddinghuizen,BIDDINGHUIZEN,190223,35,
NL,De Voorst,DE VOORST,190225,45,
NL,Volkel,VOLKEL,156944,41,
NL,Midden-Zeeland,MIDDELBURG/MIDDEN-ZEELAND,156924,43,
NL,Twenthe,TWENTHE,156937,56,
NL,Leeuwarden,LEEUWARDEN,156912,29,
NL,Woensdrecht,WOENSDRECHT,156946,13,
NL,Wieringermeer,GRONINGEN/EELDE,156904,17,x
NL,Castricum,CASTRICUM,190224,3,
NL,Haamstede,HAAMSTEDE,190226,10,
NL,Eindhoven,EINDHOVEN,156905,0,
NL,Texel,TEXEL,156936,11,
NL,Schinveld,SCHINVELD,190231,4,
NL,Drachten,DRACHTEN,156903,4,
NL,Langeveld,LANGEVELD,190228,0,
NL,Seppe,BREDA/SEPPE,156930,1,
NL,Lelystad,LELYSTAD,156914,0,
NO,Elverum Starmoen,ELVERUM/STARMOEN,157366,254,
NO,Notodden,NOTODDEN/TUVEN,157422,80,
NO,Os Vaksinen Ulve,OS VAKSINEN ULVE,157424,45,
NO,Oppdal,OPPDAL/FAGERHAUG,157370,44,
NO,Bomoen,BOMOEN,157355,25,
NO,Hokksund,HOKKSUND,157396,17,
NO,Bjorli,LESJA/BJORLI,157349,13,
NO,Klanten,GOL/KLANTEN,157381,15,
NO,Frya,FRYA,157434,29,
NO,Lunde,LUNDE,157411,9,
NO,Sandane Anda,SANDANE/ANDA,157441,21,
NO,Elvenes,ELVENES,157440,17,
NO,Fagernes Leirin,FAGERNES/LEIRIN,157407,1,
NO,Dokka Tomlevoll,DOKKA/THOMLEVOLD,157357,6,
NO,Jarlsberg,JARLSBERG,157399,0,
NO,Eggemoen,EGGEMOEN,157360,1,
NZ-N,Matamata,MATAMATA,157060,359,
NZ-N,Drury,DRURY,285645,276,
NZ-N,Taupo Centennial,TAUPO CENTENNIAL PARK,929986,255,
NZ-N,Stratford,STRATFORD,157119,77,
NZ-N,Whenuapai,WHENUAPAI (MIL),157169,11,
NZ-N,Paraparaumu,PARAPARAUMU,157097,0,
NZ-N,Papawai,PARAKAI,157096,40,x
NZ-N,Waipukurau,WAIPUKURAU,157151,43,
NZ-N,Masterton,MASTERTON,157059,32,
NZ-N,Tauranga,TAURANGA,157130,6,
NZ-N,Raglan,RAGLAN,157106,11,
NZ-N,Hastings,HASTINGS,157030,0,
NZ-N,Feilding,FEILDING,157009,1,
NZ-N,Thames,THAMES,157138,10,
NZ-N,Te Kuiti,TE KUITI,157134,4,
NZ-N,Galatea,GALATEA,157016,3,
NZ-N,Turangi,TURANGI,157143,0,
NZ-N,Kaipara Flats,KAIPARA FLATS,157038,0,
NZ-N,Gliding Wairarapa,GLIDING WAIRARAPA,929984,20,
NZ-S,Omarama,OMARAMA,157091,564,
NZ-S,Lake Station,OKIWI STATION,157089,18,x
NZ-S,Alexandra,ALEXANDRA,156976,33,
NZ-S,Springfield,SPRINGFIELD AERODROME,971412,36,
NZ-S,Omaka,OMAKA,157090,39,
NZ-S,Rangiora,RANGIORA,157107,0,
NZ-S,Ashburton,ASHBURTON,156979,0,
NZ-S,Glentanner,GLENTANNER,157022,0,
NZ-S,Pukaki,PUKAKI,157102,0,
PH,Tuy,TUY,3112740,10,
PL,Leszno Strzyzewi,STRZYZEWICE K/LESZNA,158805,143,
PL,Ostrow Wielk,MICHALKOW K/OSTROWA WLKP.,158706,107,
PL,Opole Polska Now,OPOLE KAMIEN SLA,190254,217,
PL,Zielona Gora Prz,ZIELONA GORA/BABIMOST,158864,59,
PL,Grudziadz Lisie,LISIE KATY,158687,92,
PL,Lubin,LUBIN,158696,150,
PL,Rudniki Czestoch,RUDNIKI K/CZESTOCHOWY,190255,48,
PL,Zar,ZATOR,158860,41,x
PL,Bialystok Krywlany,BIALYSTOK KRYWLANY,158558,10,
PL,Stalowa Wola Tur,ZABIA WOLA,158853,95,x
PL,Wroclaw Szymanow,SZYMANOW,158818,80,x
PL,Kielce Maslow,WILCZE LASKI,158846,69,x
PL,Olsztyn Dajtki,OLSZTYN-MAZURY,158703,14,x
PL,Warszawa Babice,WARSZAWA - BABICE,158836,32,
PL,Bielsko Biala,BRZESKA WOLA,1596096,33,x
PL,Korne,KORNE,158655,13,
PL,Belchatow,BELCHATOW-KALDUNY,1549578,46,
PL,Deblin,DEBLIN,158592,17,
PL,Lodz Lubline,LUBLIN,1548611,31,x
PL,Pobiednik Wielki,POBIEDNIK K/KRAKOWA,158750,35,x
PL,Jelenia Gora,JELENIA GORA,158626,0,
PL,Piotrkow,PIOTRKOW TRYBUNALSKI,158748,12,
PL,Pruszcz Gdanski,PRUSZCZ GDANSKI,158760,10,
PL,Szczecin Dabiee,SZCZECIN DABIE,158815,0,
PL,Plock,PLOCK,158749,7,
PL,Suwalki,SUWALKI,158810,1,
PL,Radom Piastr,RADOM,158768,8,
PL,Nowy Targ,NOWY TARG,158732,18,
PL,Wloclawek Kruszyn,KRUSZYN K/WROCLAWKA,158666,5,
PL,Torun,TORUN,158821,52,
PL,Pila,PILA,158746,2,
PL,Mielec Lotnisko,MIELEC,158710,15,
PL,Krosno,KROSNO,158665,1,
PL,Nowy Sacz L,NOWY TARG,158732,24,x
PL,Milewo,MILEWO,1548609,36,
PL,Inowroclaw,INOWROCLAW,158620,0,
PL,Bydgoszcz,BYDGOSZCZ,158568,0,
PL,Katowice Muchowiec,KATOWICE MUCHOWIEC,158637,0,
PL,Przasnysz,PRZASNYSZ,158761,1,
PL,Biala Podlaska,BIALA PODLASKA,158556,8,
PL,Świebodzice,SWIEBODZICE,158813,2,
PL,Gliwice,GLIWICE,158602,5,
PT,Mogadouro,MOGADOURO AD,159023,8,
PT,Amendoeira,AMENDOEIRA - MONTEMOR-O-NOVO AD,158883,11,
PT,Évora,ÉVORA,159129,0,
RO,Balta Verde,BALTA VERDE,1360139,280,
RO,Clinceni,CLINCENI,1360131,100,
RO,Baia Mare Tautii,BAIA MARE AEROCLUB,1360125,32,
RO,Deva,DEVA,1360143,17,
RO,Topoloveni,TOPOLOVENI,1360157,37,
RO,Craiova,CRAIOVA AIRPORT,159198,0,
RO,Geamana Pitesti,FETESTI,1360147,58,x
RO,Targu Mures,TARGU MURES,1360167,40,
RO,Iasi,IASI,1360144,13,
RO,Ghimbav Brasov,GHIMBAV,1360128,8,
RO,Cluj Napoca,CLUJ NAPOCA - AVRAM IANCU INTERNATIONAL,159197,16,
RO,Kings Land,CISNADIE,1360163,28,x
RO,Suceava Salcea,SUCEAVA STEFAN CEL MARE AIRPORT,159208,24,
RO,Banesti,BANESTI,1360158,2,
RO,Strejnic,STREJNIC,1360159,0,
RS,Ecka Zrenjanin,ZRENJANIN / ECKA,190274,3,
RS,Sremska Mitrovica,SREMSKA MITROVICA / VELIKI RADINCI,423427,0,
RU,Kislovodsk,KHOTILOVO AIR BASE,159470,38,x
RU,Usman,USMAN AIRFIELD,159903,107,
RU,Adagum,,,37,x
RU,Shevlino,SHEVLINO HELIPAD,159788,4,x
RU,Shchekino,PUSHKIN AIRPORT,159727,134,x
RU,Gisel,NOGINSK AIRFIELD,159643,40,x
RU,Vinnitsa,BRONNITSY AIRFIELD,159307,26,x
RU,Rydoma,RYDOMA AIRFIELD,159744,0,
RU,Novosibirsk,NOVOSIBIRSK NORTH AIRPORT,159653,14,
RU,Mineralnyye Vody,MINERALNYYE VODY AIRPORT,159602,0,
RU,Elista,ELISTA AIRPORT,159377,0,
SE,Eskilstuna Ekeby,ESKILSTUNA/EKEBY,161319,102,
SE,Enköping Långtora,ENKÖPING/LÅNGTORA,190282,51,
SE,Ljungby Feringe,LJUNGBYHED,161378,38,x
SE,Boras Viared,MORA LASARETT,2337068,19,x
SE,Siljansnäs,SILJANSNÄS,161410,33,
SE,Sundbro Uppsala,UPPSALA/SUNDBRO,161423,85,
SE,Arboga,ARBOGA,161299,24,
SE,Linköping,LINKÖPING/SAAB,161377,10,
SE,Skövde,SKÖVDE,161414,44,
SE,Dala-Järna,DALA-JÄRNA,161317,13,
SE,Kiruna,KIRUNA,161365,25,
SE,Landskrona,LANDSKRONA,161373,8,
SE,Herrljunga,HERRLJUNGA,161348,25,
SE,Kronobergshed Fp,KRONOBERGSHED FP,190291,10,
SE,Ljungbyhed,LJUNGBYHED,161378,5,
SE,Orsa,ORSA/TALLHED,161399,12,
SE,Hultsfred,HULTSFRED-VIMMERBY,161350,0,
SE,Falköping,FALKöPING,161325,1,
SE,Jonkoping Odestugu,JONKOPING ODESTUGU,190290,0,
SE,Ludvika,LUDVIKA,161380,0,
SE,Finspang,FINSPANG,190284,2,
SE,Borlänge,BORLÄNGE,161311,1,
SE,Älvsbyn,ÄLVSBYN,161451,6,
SE,Karlstad,KARLSTAD,161362,0,
SE,Arvika,ARVIKA/WESTLANDA,161302,0,
SE,Ljusdal,LJUSDAL,161379,0,
SE,Örebro,ÖREBRO,161457,0,
SE,Alingsås,ALINGSåS,161297,0,
SE,HöganÄs,HÖGANÄS,161353,1,
SE,Norrköping-Kungsängens,NORRKÖPING/KUNGSÄNGEN,161394,0,
SE,Akersberga,AKERSBERGA,2337084,0,
SE,Västerås,VÄSTERÅS/JOHANNISBERG,161355,0,
SI,Lesce Bled,LESCE BLED,190308,348,
SI,Postojna,POSTOJNA AIRFIELD,160211,100,
SI,Celje,CELJE GLIDER AIRPORT,160198,42,
SI,Slovenj Gradec,SLOVENJ GRADEC AIRPORT,160214,0,
SI,Ajdovscina,AJDOVščINA AIRPORT,160196,45,
SI,Ptuj Moskanjci,PTUJ AIRPORT,160213,12,
SI,Maribor,MARIBOR AIRPORT,160204,41,
SI,Novo Mesto,NOVO MESTO AIRPORT,160209,31,
SI,Murska Sobota,MURSKA SOBOTA AIRPORT,160208,45,
SI,Bovec,BOVEC LETALISCE AIRPORT,160197,0,
SI,Velenje Lajse,VELENJE AIRPORT,160216,1,
SI,Cerklje,CERKLJE AIRPORT,160199,0,
SK,Prievidza,PRIEVIDZA,160180,430,
SK,Nitra,NITRA,160174,256,
SK,Male Bielice,MALE BIELICE,160172,39,
SK,Zilina,ZILINA,160195,5,
SK,Martin,MARTIN,160173,19,
SK,Spisska Nova Ves,SPISSKA NOVA VES,160185,0,
SK,Raznany,RAZNANY,160181,2,
SK,Ruzomberok,RUZOMBEROK,160182,0,
SK,Trencin,TRENCIN,160188,0,
SK,Holic,HOLIC,160167,0,
SK,Poprad Tatry,POPRAD TATRY,160178,0,
SK,Ocova,OCOVA,160176,0,
SK,Senica,SENICA,160183,2,
UA,Kyiv Buzova,BUZOVA,1488867,77,
US-AL,Moontown,MOONTOWN AIRPORT,174719,54,
US-AL,Merkel Sylacauga,MERKEL FIELD SYLACAUGA MUNICIPAL AIRPORT,174233,31,
US-AZ,El Tiro,EL TIRO GLIDERPORT,167763,497,
US-AZ,Pleasant Valley,PLEASANT VALLEY AIRPORT,176682,0,
US-AZ,Estrella Sailport,ESTRELLA SAILPORT GLIDERPORT,167996,157,
US-AZ,Sampley's,SAMPLEY S AIRPORT,178213,4,
US-AZ,Coyote Run,COYOTE RUN GLIDERPORT,166419,204,x
US-AZ,Buckeye,BUCKEYE MUNICIPAL AIRPORT,164748,277,x
US-CA,Warner Springs,WARNER SPRINGS GLIDERPORT AIRPORT,181942,297,
US-CA,Truckee-Tahoe,TRUCKEE TAHOE AIRPORT,181183,287,
US-CA,Mountain Valley,MOUNTAIN VALLEY AIRPORT,174923,227,
US-CA,Williams,WILLIAMS GLIDERPORT,182552,274,
US-CA,Inyokern,INYOKERN AIRPORT,171331,94,
US-CA,Hollister,HOLLISTER FIELD,170794,147,
US-CA,Avenal,AVENAL AIRPORT,163286,94,
US-CA,Byron,BYRON AIRPORT,164923,100,
US-CA,Crystal,CRYSTAL AIRPORT,166555,93,
US-CA,Siskiyou County,SISKIYOU COUNTY AIRPORT,178958,107,
US-CA,Eastern Sierra,EASTERN SIERRA REGIONAL AIRPORT,167633,11,
US-CA,Santa Ynez,SANTA YNEZ AIRPORT,178320,15,
US-CA,California City,CALIFORNIA CITY MUNICIPAL AIRPORT,165014,0,
US-CA,Montague-Yreka,MONTAGUE-YREKA ROHRER FIELD,174673,0,
US-CA,Lone Pine,LONE PINE AIRPORT,173112,14,
US-CA,Skylark,SKYLARK AIRPORT,179083,10,
US-CA,Santa Barbara,SANTA BARBARA MUNICIPAL AIRPORT,178336,13,
US-CO,Boulder,BOULDER CITY MUNICIPAL AIRPORT,164407,386,
US-CO,Kelly,KELLY AIR PARK,171961,165,
US-CO,Owl Canyon,OWL CANYON GLIDERPORT,175916,63,
US-CO,Harriet Alexander Field,HARRIET ALEXANDER FIELD,170094,49,
US-CO,USAF Academy,USAF ACADEMY AIRFIELD,181493,6,
US-CO,Vance Brand,VANCE BRAND AIRPORT,181604,10,
US-CO,Garfield County,GARFIELD COUNTY REGIONAL AIRPORT,169103,50,
US-FL,Seminole Lake,SEMINOLE LAKE GLIDERPORT,178587,454,
US-FL,New Hibiscus Airpark,NEW HIBISCUS AIRPARK,175227,195,
US-FL,Zephyrhills,ZEPHYRHILLS MUNICIPAL AIRPORT,183052,86,
US-FL,Pierson,PIERSON FIELD,176488,3,
US-FL,Grass Roots,GRASS ROOTS STOLPORT,169584,24,
US-GA,Crisp County-Cordele,CRISP COUNTY CORDELE AIRPORT,166496,139,
US-GA,Monroe-Walton County,MONROE WALTON COUNTY AIRPORT,174672,12,
US-IA,Muscatine,MUSCATINE MUNICIPAL AIRPORT,175014,31,
US-IA,Iowa City,IOWA CITY MUNICIPAL AIRPORT,171338,12,
US-ID,Idaho Falls,IDAHO FALLS REGIONAL AIRPORT,171201,18,
US-ID,King Mountain Park,KING MOUNTAIN GLIDER PARK,172113,0,
US-ID,Nampa,NAMPA MUNICIPAL AIRPORT,175082,25,
US-IL,Chicago Glider Club,CHICAGO GLIDER CLUB GLIDERPORT,165646,35,
US-IL,Highland-Winet,HIGHLAND-WINET AIRPORT,170625,22,
US-IN,Alexandria,ALEXANDRIA AIRPORT,162786,247,
US-IN,Freeman,FREEMAN MUNICIPAL AIRPORT,168920,341,
US-IN,Lake Village,LAKE VILLAGE AIRPORT,172501,22,
US-KS,Sunflower,SUNFLOWER AERODROME,180242,226,
US-MA,Sterling,STERLING,179984,156,
US-MA,Westover ARB,WESTOVER ARB/METROPOLITAN AIRPORT,182296,19,
US-MI,Richmond,RICHMOND FIELD,177550,33,
US-MI,Ionia County,IONIA COUNTY AIRPORT,171334,8,
US-MI,Wexford County,WEXFORD COUNTY AIRPORT,182322,36,
US-MI,Lenawee County,LENAWEE COUNTY AIRPORT,172829,10,
US-MN,Stanton,STANTON AIRFIELD,179878,96,
US-MN,Faribault,FARIBAULT MUNICIPAL AIRPORT,168188,12,
US-MN,Albert Lea,ALBERT LEA MUNICIPAL AIRPORT,162747,47,
US-MT,Gallatin,GALLATIN FIELD,169060,1,
US-NC,Ball,BALL AIRPORT,163420,80,
US-NC,Bahnson,BAHNSON AIRPORT,163372,31,
US-NC,Shiflet,SHIFLET FIELD,178802,24,
US-NH,Franconia,FRANCONIA AIRPORT,168850,36,
US-NJ,Blairstown,BLAIRSTOWN AIRPORT,164155,211,
US-NM,Moriarty,MORIARTY AIRPORT,174781,617,
US-NM,Industrial,INDUSTRIAL AIRPARK,171279,254,
US-NM,Alamogordo-White Sands,ALAMOGORDO WHITE SANDS REGIONAL AIRPORT,162724,26,
US-NV,Air Sailing,AIR SAILING GLIDERPORT,162658,388,
US-NV,Minden-Tahoe,MINDEN TAHOE AIRPORT,174530,325,
US-NV,Ely Arpt (Yelland),ELY AIRPORT YELLAND FIELD,167861,161,
US-NV,Jean,JEAN AIRPORT,171546,47,
US-NV,Tonopah,TONOPAH AIRPORT,180978,25,
US-NY,Wurtsboro-Sullivan County,WURTSBORO SULLIVAN COUNTY AIRPORT,182909,102,
US-NY,Harris Hill,HARRIS HILL GLIDERPORT,170114,76,
US-NY,Lake Placid,LAKE PLACID AIRPORT,172488,42,
US-NY,Saratoga County,SARATOGA COUNTY AIRPORT,178333,44,
US-OH,Caesar Creek,CAESAR CREEK GLIDERPORT,164975,107,
US-OH,Marion,MARION AIRPORT,173596,41,x
US-OH,Red Stewart,RED STEWART AIRFIELD,177350,0,
US-OK,Hinton,HINTON FIELD,170710,38,x
US-OR,North Plains,NORTH PLAINS GLIDERPORT,175441,92,
US-OR,Ken Jernstedt,KEN JERNSTEDT AIRFIELD,171978,46,
US-OR,Sunset,SUNSET AIR STRIP,180264,56,
US-OR,Bend,BEND MUNICIPAL AIRPORT,163854,21,
US-PA,Ridge Soaring,RIDGE SOARING GLIDERPORT,177579,84,
US-PA,Mid Atlantic Soaring,MID ATLANTIC SOARING CENTER AIRPORT,174366,129,
US-PA,Mifflin County,MIFFLIN COUNTY AIRPORT,174431,64,
US-PA,Philadelphia,PHILADELPHIA GLIDERPORT,176421,63,x
US-PA,Bedford County,BEDFORD COUNTY AIRPORT,163765,17,
US-SC,Perry,PERRY INTERNATIONAL AIRPORT,176321,227,
US-SC,Bermuda High,BERMUDA HIGH GLIDERPORT,163919,154,
US-SC,Spartanburg Downtown,SPARTANBURG DOWNTOWN MEMORIAL AIRPORT,179455,83,
US-TN,Chilhowee,CHILHOWEE GLIDERPORT,165687,44,
US-TN,Puckett,PUCKETT GLIDERPORT,177029,8,
US-TN,Knoxville Downtown,KNOXVILLE DOWNTOWN ISLAND AIRPORT,172230,11,
US-TX,Soaring Club Houston,SOARING CLUB OF HOUSTON GLIDERPORT,179245,941,
US-TX,Tsa,TSA GLIDERPORT,181199,382,
US-TX,Garner,GARNER FIELD,169109,54,
US-TX,GHSA Glideport,TSA GLIDERPORT,181199,82,x
US-TX,FLF Gliderport,FLF GLIDERPORT,168406,76,
US-TX,Littlefield,LITTLEFIELD MUNICIPAL AIRPORT,173032,13,
US-TX,Boerne Stage,BOERNE STAGE FIELD,164309,20,
US-TX,Mid-Way Regional,MID WAY REGIONAL AIRPORT,174375,5,
US-UT,Nephi,NEPHI MUNICIPAL AIRPORT,175189,374,
US-UT,Parowan,PAROWAN AIRPORT,176119,135,
US-UT,Logan-Cache,LOGAN CACHE AIRPORT,173086,103,
US-UT,Morgan County,MORGAN COUNTY AIRPORT,174769,42,x
US-UT,Cedar Valley,CEDAR VALLEY AIRPORT,165395,0,
US-UT,Heber Valley,HEBER CITY MUNICIPAL RUSS MCDONALD FIELD,170339,54,
US-VA,Garner,GARNER AIRPORT,169108,340,
US-VA,Front Royal-Warren County Airport,FRONT ROYAL WARREN COUNTY AIRPORT,168970,73,
US-VA,Merlin,MERLIN AERODROME,174239,201,
US-VA,New Castle,NEW CASTLE AIRPORT,175214,97,
US-VT,Post Mills,POST MILLS AIRPORT,176868,109,
US-VT,Hartness State,HARTNESS STATE (SPRINGFIELD) AIRPORT,170172,24,
US-WA,Ephrata,EPHRATA MUNICIPAL AIRPORT,167934,402,
US-WA,Arlington,ARLINGTON MUNICIPAL AIRPORT,163104,51,
US-WA,Pangborn,PANGBORN MEMORIAL AIRPORT,176034,13,x
US-WA,Richland,RICHLAND AIRPORT,177543,15,
US-WA,Bergseth,BERGSETH FIELD,163905,28,
US-WI,Hartford,HARTFORD MUNICIPAL AIRPORT,170163,9,
US-WI,Osceola Wi Simen,SIMENSTAD MUNICIPAL AIRPORT,172359,38,
US-WI,Beloit,BELOIT AIRPORT,163835,0,
US-WI,Menomonie Municipal,MENOMONIE MUNICIPAL SCORE FIELD,174179,18,
US-WV,Grant County,GRANT COUNTY AIRPORT,169567,13,
US-WV,Greater Cumberland,GREATER CUMBERLAND REGIONAL AIRPORT,169626,37,
ZA,Gariep Dam,GARIEP DAM,160399,554,
ZA,Worcester,WORCESTER,160682,606,
ZA,New Tempe Bloemf,NEW TEMPE,160530,290,
ZA,Douglas Backhouse,DOUGLAS CAPE,160658,374,
ZA,Orient,ORIENT,160540,288,
ZA,Potchefstroom,POTCHEFSTROOM,160571,257,
ZA,Kuruman/Johan Pienaar,KURUMAN / JOHAN PIENAAR,160443,114,
ZA,Welkom,WELKOM,160674,50,
ZA,Brits,BRITS,160327,12,
ZA,El Mirador,EL MIRRADOR,160376,12,x
ZA,Victoria West,VICTORIA WEST,160657,0,
ZA,Tswalu Game Reserve,TSWALU GAME RESERVE,160680,5,
ZA,Uitenhage,UITENHAGE,160643,3,
ZA,Adamsfontein,ADAMSFONTEIN,160244,8,
ZA,Parys,PARYS,160558,2,
ZA,Harrismith,HARRISMITH,160417,7,
ZA,Lichtenburg,LICHTENBURG,160477,0,
ZA,Howick,HOWICK,160431,0,
ZA,Springs,SPRINGS,160613,8,
ZA,Thabazimbi,THABAZIMBI,160633,0,
ZA,Upington,UPINGTON,160641,0,